HTTP,304,www.gigaom.com,/index.html,201.49.105.169,2022-01-27 19:27:34.274612

HTTP,102,www.infiniteskills.com,/about.html,69.12.17.216,2022-01-27 19:27:34.274718

HTTP,414,www.cloudera.com,/about.html,130.130.167.18,2022-01-27 19:27:34.274734

HTTP,500,console.amazon.com,/contact.html,160.55.139.111,2022-01-27 19:27:34.274747

HTTP,414,console.amazon.com,/contact.html,35.112.209.201,2022-01-27 19:27:34.274762

HTTP,102,flume.apache.org,/contact/submit.html,145.177.16.233,2022-01-27 19:27:34.274774

HTTP,205,console.amazon.com,/contact/submit.html,16.117.119.90,2022-01-27 19:27:34.274786

HTTP,408,flume.apache.org,/contact.html,165.71.76.77,2022-01-27 19:27:34.274797

HTTP,405,console.amazon.com,/contact/submit.html,93.201.25.193,2022-01-27 19:27:34.274812

HTTP,510,hadoop.apache.org,/contact.html,82.205.205.194,2022-01-27 19:27:34.274823

HTTP,504,www.cloudera.com,/index.html,93.150.181.56,2022-01-27 19:27:34.274838

HTTP,400,console.amazon.com,/contact.html,129.141.131.243,2022-01-27 19:27:34.274850

HTTP,407,www.gigaom.com,/products.html,6.98.104.2,2022-01-27 19:27:34.274861

HTTP,413,www.quicloud.com,/about.html,50.93.92.82,2022-01-27 19:27:34.274876

HTTP,411,www.cloudera.com,/support.html,10.48.189.60,2022-01-27 19:27:34.274887

HTTP,401,www.gigaom.com,/products.html,15.77.246.152,2022-01-27 19:27:34.274899

HTTP,301,flume.apache.org,/services.html,192.24.199.62,2022-01-27 19:27:34.274913

HTTP,301,www.cloudera.com,/services.html,228.153.128.32,2022-01-27 19:27:34.274924

HTTP,400,www.quicloud.com,/services.html,175.221.245.167,2022-01-27 19:27:34.274939

HTTP,510,console.amazon.com,/about.html,238.141.144.7,2022-01-27 19:27:34.274950

HTTP,305,www.quicloud.com,/contact.html,205.179.148.52,2022-01-27 19:27:34.274961

HTTP,100,www.quicloud.com,/support.html,88.3.61.236,2022-01-27 19:27:34.274976

HTTP,102,www.globalknowledge.com,/contact.html,222.27.226.157,2022-01-27 19:27:34.274987

HTTP,302,www.globalknowledge.com,/index.html,44.156.56.182,2022-01-27 19:27:34.274998

HTTP,510,www.globalknowledge.com,/index.html,186.115.81.105,2022-01-27 19:27:34.275012

HTTP,505,www.globalknowledge.com,/services.html,111.167.111.68,2022-01-27 19:27:34.275024

HTTP,501,www.infiniteskills.com,/products.html,13.145.216.147,2022-01-27 19:27:34.275038

HTTP,200,www.globalknowledge.com,/contact/submit.html,16.250.162.202,2022-01-27 19:27:34.275050

HTTP,409,console.amazon.com,/services.html,51.2.52.1,2022-01-27 19:27:34.275062

HTTP,200,www.gigaom.com,/services.html,26.191.187.110,2022-01-27 19:27:34.275109

HTTP,404,www.gigaom.com,/services.html,169.222.175.11,2022-01-27 19:27:34.275126

HTTP,416,flume.apache.org,/products.html,198.247.1.68,2022-01-27 19:27:34.275138

HTTP,101,www.infiniteskills.com,/contact.html,93.43.83.179,2022-01-27 19:27:34.275149

HTTP,402,www.cloudera.com,/services.html,83.187.55.7,2022-01-27 19:27:34.275160

HTTP,411,hadoop.apache.org,/about.html,54.91.218.126,2022-01-27 19:27:34.275174

HTTP,412,www.globalknowledge.com,/contact/submit.html,4.59.38.103,2022-01-27 19:27:34.275186

HTTP,426,www.infiniteskills.com,/products.html,240.130.165.80,2022-01-27 19:27:34.275197

HTTP,303,flume.apache.org,/products.html,191.103.47.177,2022-01-27 19:27:34.275208

HTTP,403,www.quicloud.com,/contact.html,111.20.63.249,2022-01-27 19:27:34.275220

HTTP,416,console.amazon.com,/services.html,227.238.164.35,2022-01-27 19:27:34.275231

HTTP,412,www.gigaom.com,/services.html,91.88.4.10,2022-01-27 19:27:34.275246

HTTP,101,console.amazon.com,/about.html,84.123.247.73,2022-01-27 19:27:34.275257

HTTP,205,www.quicloud.com,/index.html,70.66.153.216,2022-01-27 19:27:34.275268

HTTP,302,www.globalknowledge.com,/products.html,117.106.253.154,2022-01-27 19:27:34.275283

HTTP,203,www.gigaom.com,/products.html,26.195.156.134,2022-01-27 19:27:34.275294

HTTP,400,www.cloudera.com,/contact.html,41.222.161.73,2022-01-27 19:27:34.275308

HTTP,417,www.gigaom.com,/products.html,56.85.36.131,2022-01-27 19:27:34.275336

HTTP,417,www.quicloud.com,/contact/submit.html,131.245.56.110,2022-01-27 19:27:34.275357

HTTP,301,hadoop.apache.org,/products.html,19.221.139.184,2022-01-27 19:27:34.275379

HTTP,200,flume.apache.org,/index.html,114.137.66.181,2022-01-27 19:27:34.275395

HTTP,300,console.amazon.com,/services.html,169.3.81.227,2022-01-27 19:27:34.325643

HTTP,505,www.globalknowledge.com,/products.html,66.160.58.4,2022-01-27 19:27:34.325727

HTTP,503,www.cloudera.com,/services.html,238.86.220.167,2022-01-27 19:27:34.325746

HTTP,204,www.cloudera.com,/products.html,238.213.76.44,2022-01-27 19:27:34.325768

HTTP,500,www.gigaom.com,/index.html,225.240.86.233,2022-01-27 19:27:34.325787

HTTP,226,console.amazon.com,/contact/submit.html,124.136.120.130,2022-01-27 19:27:34.325811

HTTP,402,www.globalknowledge.com,/contact/submit.html,150.216.239.131,2022-01-27 19:27:34.325831

HTTP,426,console.amazon.com,/contact/submit.html,214.146.245.155,2022-01-27 19:27:34.325846

HTTP,226,flume.apache.org,/support.html,238.72.120.73,2022-01-27 19:27:34.325862

HTTP,100,www.cloudera.com,/contact.html,171.210.31.32,2022-01-27 19:27:34.325880

HTTP,205,hadoop.apache.org,/about.html,93.180.94.95,2022-01-27 19:27:34.325898

HTTP,303,www.globalknowledge.com,/index.html,143.110.35.238,2022-01-27 19:27:34.325914

HTTP,400,console.amazon.com,/products.html,122.47.221.11,2022-01-27 19:27:34.325985

HTTP,411,console.amazon.com,/support.html,116.73.55.93,2022-01-27 19:27:34.326034

HTTP,416,www.quicloud.com,/about.html,63.146.54.23,2022-01-27 19:27:34.326046

HTTP,412,www.cloudera.com,/index.html,156.50.135.106,2022-01-27 19:27:34.326058

HTTP,304,www.quicloud.com,/index.html,64.121.152.157,2022-01-27 19:27:34.326069

HTTP,510,www.gigaom.com,/contact.html,149.202.112.16,2022-01-27 19:27:34.326079

HTTP,203,flume.apache.org,/services.html,72.213.171.223,2022-01-27 19:27:34.326090

HTTP,406,hadoop.apache.org,/services.html,141.64.16.22,2022-01-27 19:27:34.326105

HTTP,102,hadoop.apache.org,/products.html,0.168.33.219,2022-01-27 19:27:34.326116

HTTP,424,www.quicloud.com,/services.html,102.32.5.48,2022-01-27 19:27:34.326127

HTTP,402,www.quicloud.com,/products.html,215.125.138.88,2022-01-27 19:27:34.326137

HTTP,200,www.gigaom.com,/about.html,241.158.148.148,2022-01-27 19:27:34.326148

HTTP,404,www.globalknowledge.com,/about.html,195.200.43.157,2022-01-27 19:27:34.326159

HTTP,207,www.globalknowledge.com,/about.html,12.111.106.229,2022-01-27 19:27:34.326172

HTTP,102,www.infiniteskills.com,/contact.html,254.59.43.35,2022-01-27 19:27:34.326184

HTTP,422,www.cloudera.com,/contact/submit.html,20.244.69.197,2022-01-27 19:27:34.326195

HTTP,500,www.infiniteskills.com,/contact.html,181.93.119.144,2022-01-27 19:27:34.326209

HTTP,412,console.amazon.com,/contact.html,82.2.130.157,2022-01-27 19:27:34.326219

HTTP,401,www.quicloud.com,/support.html,215.130.97.38,2022-01-27 19:27:34.326230

HTTP,206,console.amazon.com,/contact.html,224.62.91.151,2022-01-27 19:27:34.326240

HTTP,407,console.amazon.com,/index.html,57.191.70.232,2022-01-27 19:27:34.326250

HTTP,503,www.gigaom.com,/services.html,91.248.118.35,2022-01-27 19:27:34.326261

HTTP,410,www.gigaom.com,/index.html,176.213.213.81,2022-01-27 19:27:34.326272

HTTP,403,www.globalknowledge.com,/about.html,72.244.107.26,2022-01-27 19:27:34.326282

HTTP,100,hadoop.apache.org,/contact.html,57.232.244.145,2022-01-27 19:27:34.326299

HTTP,200,www.infiniteskills.com,/contact/submit.html,142.208.195.33,2022-01-27 19:27:34.326310

HTTP,424,www.globalknowledge.com,/products.html,162.167.63.225,2022-01-27 19:27:34.326321

HTTP,100,www.globalknowledge.com,/support.html,26.80.160.204,2022-01-27 19:27:34.326331

HTTP,505,www.gigaom.com,/services.html,64.26.6.15,2022-01-27 19:27:34.326341

HTTP,405,www.quicloud.com,/support.html,95.52.184.210,2022-01-27 19:27:34.326352

HTTP,305,www.infiniteskills.com,/index.html,203.91.83.34,2022-01-27 19:27:34.326367

HTTP,205,hadoop.apache.org,/products.html,88.194.170.159,2022-01-27 19:27:34.326378

HTTP,500,www.quicloud.com,/index.html,39.126.247.111,2022-01-27 19:27:34.326389

HTTP,400,hadoop.apache.org,/services.html,32.221.202.191,2022-01-27 19:27:34.326400

HTTP,226,flume.apache.org,/contact/submit.html,176.156.13.124,2022-01-27 19:27:34.326410

HTTP,500,www.infiniteskills.com,/contact/submit.html,60.63.42.27,2022-01-27 19:27:34.326546

HTTP,200,www.gigaom.com,/index.html,216.112.209.74,2022-01-27 19:27:34.326605

HTTP,504,flume.apache.org,/contact.html,91.1.88.111,2022-01-27 19:27:34.326622

HTTP,424,www.quicloud.com,/support.html,173.248.163.92,2022-01-27 19:27:34.376808

HTTP,206,www.gigaom.com,/contact.html,245.239.187.147,2022-01-27 19:27:34.376852

HTTP,507,www.quicloud.com,/support.html,47.53.43.230,2022-01-27 19:27:34.376863

HTTP,101,www.infiniteskills.com,/about.html,158.151.114.111,2022-01-27 19:27:34.376875

HTTP,300,flume.apache.org,/contact.html,74.127.223.52,2022-01-27 19:27:34.376887

HTTP,403,www.gigaom.com,/products.html,105.18.154.162,2022-01-27 19:27:34.376905

HTTP,407,www.gigaom.com,/products.html,109.189.69.209,2022-01-27 19:27:34.376915

HTTP,101,www.globalknowledge.com,/products.html,96.80.205.41,2022-01-27 19:27:34.376925

HTTP,426,www.cloudera.com,/index.html,163.72.198.215,2022-01-27 19:27:34.376934

HTTP,202,www.globalknowledge.com,/contact.html,4.242.141.84,2022-01-27 19:27:34.376944

HTTP,301,console.amazon.com,/products.html,3.7.122.88,2022-01-27 19:27:34.376953

HTTP,500,flume.apache.org,/about.html,67.40.207.230,2022-01-27 19:27:34.376962

HTTP,400,www.gigaom.com,/index.html,143.191.143.176,2022-01-27 19:27:34.376972

HTTP,205,www.infiniteskills.com,/support.html,154.109.110.73,2022-01-27 19:27:34.376981

HTTP,407,www.quicloud.com,/index.html,90.78.51.0,2022-01-27 19:27:34.376990

HTTP,413,console.amazon.com,/contact.html,135.31.25.153,2022-01-27 19:27:34.377000

HTTP,201,www.gigaom.com,/index.html,63.49.228.190,2022-01-27 19:27:34.377009

HTTP,205,flume.apache.org,/index.html,32.120.247.195,2022-01-27 19:27:34.377019

HTTP,505,www.cloudera.com,/contact.html,70.249.31.207,2022-01-27 19:27:34.377028

HTTP,404,console.amazon.com,/products.html,101.253.176.200,2022-01-27 19:27:34.377037

HTTP,408,www.cloudera.com,/services.html,88.138.109.229,2022-01-27 19:27:34.377049

HTTP,304,www.infiniteskills.com,/about.html,198.199.18.194,2022-01-27 19:27:34.377059

HTTP,206,www.cloudera.com,/contact.html,68.223.192.27,2022-01-27 19:27:34.377068

HTTP,408,flume.apache.org,/services.html,211.147.176.100,2022-01-27 19:27:34.377078

HTTP,102,www.quicloud.com,/products.html,135.193.137.40,2022-01-27 19:27:34.377087

HTTP,406,www.infiniteskills.com,/support.html,164.70.207.154,2022-01-27 19:27:34.377097

HTTP,304,www.globalknowledge.com,/support.html,229.70.30.228,2022-01-27 19:27:34.377106

HTTP,502,www.quicloud.com,/services.html,216.104.7.0,2022-01-27 19:27:34.377116

HTTP,226,www.quicloud.com,/index.html,95.47.95.203,2022-01-27 19:27:34.377125

HTTP,423,flume.apache.org,/contact/submit.html,198.189.6.136,2022-01-27 19:27:34.377134

HTTP,501,www.cloudera.com,/support.html,187.80.250.253,2022-01-27 19:27:34.377145

HTTP,424,console.amazon.com,/products.html,211.146.139.165,2022-01-27 19:27:34.377153

HTTP,500,www.globalknowledge.com,/support.html,19.12.85.196,2022-01-27 19:27:34.377162

HTTP,101,www.gigaom.com,/products.html,2.175.101.189,2022-01-27 19:27:34.377174

HTTP,303,www.infiniteskills.com,/contact/submit.html,76.242.230.20,2022-01-27 19:27:34.377185

HTTP,409,www.gigaom.com,/contact.html,187.50.122.127,2022-01-27 19:27:34.377194

HTTP,407,hadoop.apache.org,/contact/submit.html,81.66.253.107,2022-01-27 19:27:34.377228

HTTP,206,www.globalknowledge.com,/about.html,166.28.155.37,2022-01-27 19:27:34.377250

HTTP,507,flume.apache.org,/services.html,189.86.242.127,2022-01-27 19:27:34.377259

HTTP,205,www.gigaom.com,/products.html,176.122.116.197,2022-01-27 19:27:34.377268

HTTP,413,hadoop.apache.org,/services.html,36.166.44.230,2022-01-27 19:27:34.377277

HTTP,100,www.quicloud.com,/contact/submit.html,45.158.178.222,2022-01-27 19:27:34.377286

HTTP,226,www.quicloud.com,/products.html,75.158.108.71,2022-01-27 19:27:34.377295

HTTP,207,hadoop.apache.org,/about.html,173.238.23.119,2022-01-27 19:27:34.377304

HTTP,401,www.globalknowledge.com,/about.html,87.199.16.77,2022-01-27 19:27:34.377319

HTTP,403,www.globalknowledge.com,/products.html,239.0.135.174,2022-01-27 19:27:34.377328

HTTP,505,flume.apache.org,/services.html,64.210.196.225,2022-01-27 19:27:34.377350

HTTP,417,www.globalknowledge.com,/support.html,243.179.237.155,2022-01-27 19:27:34.377358

HTTP,301,console.amazon.com,/services.html,50.107.155.218,2022-01-27 19:27:34.377367

HTTP,300,www.gigaom.com,/support.html,84.167.205.217,2022-01-27 19:27:34.377376

HTTP,408,www.quicloud.com,/contact/submit.html,182.183.223.109,2022-01-27 19:27:34.427534

HTTP,407,www.gigaom.com,/services.html,75.48.111.253,2022-01-27 19:27:34.427670

HTTP,423,www.infiniteskills.com,/support.html,72.247.204.155,2022-01-27 19:27:34.427684

HTTP,205,www.gigaom.com,/contact/submit.html,37.179.194.31,2022-01-27 19:27:34.427700

HTTP,501,www.infiniteskills.com,/index.html,61.232.131.88,2022-01-27 19:27:34.427708

HTTP,302,www.gigaom.com,/support.html,199.238.60.112,2022-01-27 19:27:34.427730

HTTP,304,hadoop.apache.org,/support.html,140.127.105.238,2022-01-27 19:27:34.427739

HTTP,507,www.globalknowledge.com,/support.html,98.4.224.144,2022-01-27 19:27:34.427748

HTTP,402,hadoop.apache.org,/contact.html,157.47.193.82,2022-01-27 19:27:34.427757

HTTP,408,console.amazon.com,/products.html,224.174.155.123,2022-01-27 19:27:34.427767

HTTP,406,www.infiniteskills.com,/about.html,233.39.160.203,2022-01-27 19:27:34.427775

HTTP,408,www.globalknowledge.com,/contact.html,108.116.82.239,2022-01-27 19:27:34.427784

HTTP,502,www.globalknowledge.com,/contact/submit.html,186.121.121.208,2022-01-27 19:27:34.427792

HTTP,409,hadoop.apache.org,/support.html,158.103.171.131,2022-01-27 19:27:34.427801

HTTP,417,www.gigaom.com,/contact.html,17.77.58.116,2022-01-27 19:27:34.427810

HTTP,305,hadoop.apache.org,/services.html,155.28.93.111,2022-01-27 19:27:34.427818

HTTP,201,flume.apache.org,/contact.html,249.121.116.217,2022-01-27 19:27:34.427827

HTTP,412,flume.apache.org,/about.html,112.118.226.212,2022-01-27 19:27:34.427835

HTTP,403,www.infiniteskills.com,/about.html,239.89.20.16,2022-01-27 19:27:34.427844

HTTP,501,www.cloudera.com,/contact.html,61.136.248.137,2022-01-27 19:27:34.427852

HTTP,408,www.quicloud.com,/index.html,201.100.210.156,2022-01-27 19:27:34.427860

HTTP,505,www.gigaom.com,/about.html,191.228.243.156,2022-01-27 19:27:34.427869

HTTP,206,www.quicloud.com,/products.html,32.109.108.65,2022-01-27 19:27:34.427877

HTTP,226,www.infiniteskills.com,/services.html,229.153.9.166,2022-01-27 19:27:34.427887

HTTP,202,www.globalknowledge.com,/about.html,207.27.83.198,2022-01-27 19:27:34.427896

HTTP,400,flume.apache.org,/contact/submit.html,124.214.87.158,2022-01-27 19:27:34.427904

HTTP,411,console.amazon.com,/services.html,230.210.30.142,2022-01-27 19:27:34.427912

HTTP,510,hadoop.apache.org,/contact.html,86.56.116.24,2022-01-27 19:27:34.427921

HTTP,417,hadoop.apache.org,/about.html,172.128.37.33,2022-01-27 19:27:34.427929

HTTP,201,www.infiniteskills.com,/products.html,240.71.144.184,2022-01-27 19:27:34.427937

HTTP,100,www.gigaom.com,/contact.html,232.44.121.154,2022-01-27 19:27:34.427946

HTTP,405,www.quicloud.com,/about.html,121.187.56.181,2022-01-27 19:27:34.427954

HTTP,407,console.amazon.com,/contact/submit.html,63.41.9.151,2022-01-27 19:27:34.427962

HTTP,500,www.infiniteskills.com,/contact/submit.html,188.27.59.107,2022-01-27 19:27:34.427971

HTTP,410,www.globalknowledge.com,/contact.html,19.65.7.38,2022-01-27 19:27:34.427979

HTTP,510,www.globalknowledge.com,/services.html,6.35.72.236,2022-01-27 19:27:34.427987

HTTP,206,www.cloudera.com,/contact.html,133.196.132.23,2022-01-27 19:27:34.427996

HTTP,406,console.amazon.com,/about.html,89.196.114.234,2022-01-27 19:27:34.428005

HTTP,202,www.globalknowledge.com,/about.html,21.221.134.128,2022-01-27 19:27:34.428013

HTTP,406,www.cloudera.com,/about.html,144.168.61.34,2022-01-27 19:27:34.428022

HTTP,403,www.globalknowledge.com,/support.html,24.214.231.103,2022-01-27 19:27:34.428030

HTTP,423,www.cloudera.com,/services.html,156.253.104.34,2022-01-27 19:27:34.428038

HTTP,200,hadoop.apache.org,/contact/submit.html,70.111.219.184,2022-01-27 19:27:34.428047

HTTP,503,console.amazon.com,/about.html,162.25.18.91,2022-01-27 19:27:34.428108

HTTP,226,hadoop.apache.org,/contact.html,4.185.138.106,2022-01-27 19:27:34.428118

HTTP,510,www.gigaom.com,/contact/submit.html,210.160.121.26,2022-01-27 19:27:34.428144

HTTP,412,www.cloudera.com,/support.html,77.211.102.221,2022-01-27 19:27:34.428153

HTTP,202,www.gigaom.com,/support.html,143.84.240.36,2022-01-27 19:27:34.428162

HTTP,505,www.globalknowledge.com,/contact/submit.html,218.115.10.191,2022-01-27 19:27:34.428171

HTTP,411,www.quicloud.com,/products.html,169.59.216.59,2022-01-27 19:27:34.428179

HTTP,302,www.quicloud.com,/contact/submit.html,220.206.116.196,2022-01-27 19:27:34.478368

HTTP,414,flume.apache.org,/index.html,70.164.226.21,2022-01-27 19:27:34.478412

HTTP,301,flume.apache.org,/contact.html,135.90.150.242,2022-01-27 19:27:34.478426

HTTP,422,www.cloudera.com,/products.html,250.197.181.208,2022-01-27 19:27:34.478435

HTTP,303,flume.apache.org,/contact.html,177.213.105.158,2022-01-27 19:27:34.478444

HTTP,206,www.cloudera.com,/contact.html,75.246.54.58,2022-01-27 19:27:34.478454

HTTP,500,www.quicloud.com,/support.html,175.67.170.122,2022-01-27 19:27:34.478464

HTTP,206,console.amazon.com,/products.html,177.176.96.143,2022-01-27 19:27:34.478473

HTTP,302,www.infiniteskills.com,/about.html,138.203.183.205,2022-01-27 19:27:34.478481

HTTP,510,www.gigaom.com,/products.html,202.154.159.224,2022-01-27 19:27:34.478490

HTTP,505,console.amazon.com,/contact/submit.html,194.140.14.1,2022-01-27 19:27:34.478498

HTTP,101,www.gigaom.com,/index.html,74.77.3.7,2022-01-27 19:27:34.478508

HTTP,505,www.infiniteskills.com,/support.html,192.45.164.164,2022-01-27 19:27:34.478516

HTTP,412,www.globalknowledge.com,/support.html,53.125.247.30,2022-01-27 19:27:34.478525

HTTP,424,www.gigaom.com,/contact.html,187.112.179.140,2022-01-27 19:27:34.478533

HTTP,226,www.globalknowledge.com,/contact/submit.html,135.245.216.246,2022-01-27 19:27:34.478545

HTTP,303,hadoop.apache.org,/index.html,156.103.148.124,2022-01-27 19:27:34.478553

HTTP,503,console.amazon.com,/contact/submit.html,151.248.20.220,2022-01-27 19:27:34.478563

HTTP,414,hadoop.apache.org,/services.html,62.97.239.105,2022-01-27 19:27:34.478572

HTTP,200,www.quicloud.com,/contact.html,129.212.242.229,2022-01-27 19:27:34.478580

HTTP,426,www.globalknowledge.com,/index.html,191.47.173.132,2022-01-27 19:27:34.478588

HTTP,100,flume.apache.org,/products.html,55.76.248.75,2022-01-27 19:27:34.478597

HTTP,403,www.cloudera.com,/services.html,235.102.0.177,2022-01-27 19:27:34.478605

HTTP,304,www.gigaom.com,/products.html,76.154.117.104,2022-01-27 19:27:34.478615

HTTP,226,www.quicloud.com,/about.html,147.229.133.158,2022-01-27 19:27:34.478624

HTTP,304,www.quicloud.com,/index.html,49.10.211.148,2022-01-27 19:27:34.478632

HTTP,403,hadoop.apache.org,/contact.html,122.40.59.94,2022-01-27 19:27:34.478645

HTTP,305,flume.apache.org,/contact.html,120.190.227.5,2022-01-27 19:27:34.478653

HTTP,400,console.amazon.com,/services.html,3.1.57.211,2022-01-27 19:27:34.478662

HTTP,502,www.quicloud.com,/contact.html,49.21.190.215,2022-01-27 19:27:34.478670

HTTP,507,hadoop.apache.org,/contact/submit.html,229.125.183.192,2022-01-27 19:27:34.478680

HTTP,422,console.amazon.com,/services.html,109.37.117.123,2022-01-27 19:27:34.478689

HTTP,415,www.gigaom.com,/products.html,244.163.122.6,2022-01-27 19:27:34.478697

HTTP,307,www.globalknowledge.com,/support.html,0.224.150.10,2022-01-27 19:27:34.478705

HTTP,410,flume.apache.org,/contact/submit.html,55.83.190.134,2022-01-27 19:27:34.478714

HTTP,411,www.globalknowledge.com,/index.html,13.174.206.69,2022-01-27 19:27:34.478725

HTTP,206,www.quicloud.com,/about.html,80.161.5.127,2022-01-27 19:27:34.478733

HTTP,205,console.amazon.com,/support.html,182.244.154.185,2022-01-27 19:27:34.478742

HTTP,226,www.gigaom.com,/contact/submit.html,26.98.105.219,2022-01-27 19:27:34.478751

HTTP,423,console.amazon.com,/products.html,17.43.79.91,2022-01-27 19:27:34.478759

HTTP,100,www.globalknowledge.com,/index.html,205.249.164.28,2022-01-27 19:27:34.478768

HTTP,303,www.gigaom.com,/about.html,195.167.207.111,2022-01-27 19:27:34.478776

HTTP,412,www.globalknowledge.com,/contact/submit.html,189.144.47.121,2022-01-27 19:27:34.478784

HTTP,305,flume.apache.org,/contact.html,31.95.39.177,2022-01-27 19:27:34.478809

HTTP,201,flume.apache.org,/support.html,11.80.110.89,2022-01-27 19:27:34.478817

HTTP,407,console.amazon.com,/index.html,106.254.28.96,2022-01-27 19:27:34.478826

HTTP,304,www.cloudera.com,/services.html,35.37.107.9,2022-01-27 19:27:34.478834

HTTP,505,www.gigaom.com,/contact.html,155.216.61.69,2022-01-27 19:27:34.478843

HTTP,502,www.quicloud.com,/products.html,199.226.194.185,2022-01-27 19:27:34.478854

HTTP,409,hadoop.apache.org,/contact.html,19.89.198.61,2022-01-27 19:27:34.478862

HTTP,305,www.gigaom.com,/services.html,51.183.228.215,2022-01-27 19:27:34.529071

HTTP,414,www.cloudera.com,/services.html,70.66.78.156,2022-01-27 19:27:34.529120

HTTP,417,www.cloudera.com,/index.html,12.134.128.224,2022-01-27 19:27:34.529130

HTTP,301,www.infiniteskills.com,/index.html,163.213.86.128,2022-01-27 19:27:34.529140

HTTP,207,www.infiniteskills.com,/services.html,85.214.26.122,2022-01-27 19:27:34.529151

HTTP,510,www.cloudera.com,/index.html,102.50.109.183,2022-01-27 19:27:34.529162

HTTP,206,www.gigaom.com,/services.html,78.56.209.213,2022-01-27 19:27:34.529172

HTTP,510,www.globalknowledge.com,/products.html,222.57.111.1,2022-01-27 19:27:34.529185

HTTP,424,flume.apache.org,/contact.html,36.148.104.233,2022-01-27 19:27:34.529194

HTTP,405,hadoop.apache.org,/products.html,249.4.113.232,2022-01-27 19:27:34.529203

HTTP,303,flume.apache.org,/contact.html,97.175.168.41,2022-01-27 19:27:34.529212

HTTP,102,hadoop.apache.org,/services.html,238.110.223.22,2022-01-27 19:27:34.529220

HTTP,405,www.infiniteskills.com,/products.html,238.117.93.3,2022-01-27 19:27:34.529229

HTTP,426,flume.apache.org,/contact/submit.html,180.33.88.89,2022-01-27 19:27:34.529237

HTTP,303,www.cloudera.com,/support.html,159.131.21.24,2022-01-27 19:27:34.529246

HTTP,507,www.cloudera.com,/index.html,103.108.151.99,2022-01-27 19:27:34.529254

HTTP,422,hadoop.apache.org,/support.html,62.146.64.96,2022-01-27 19:27:34.529262

HTTP,416,www.globalknowledge.com,/support.html,218.149.30.230,2022-01-27 19:27:34.529271

HTTP,204,www.globalknowledge.com,/contact.html,63.152.46.244,2022-01-27 19:27:34.529279

HTTP,101,flume.apache.org,/support.html,7.31.219.15,2022-01-27 19:27:34.529287

HTTP,415,flume.apache.org,/support.html,134.147.252.181,2022-01-27 19:27:34.529296

HTTP,202,www.globalknowledge.com,/services.html,5.149.107.51,2022-01-27 19:27:34.529305

HTTP,416,www.cloudera.com,/contact/submit.html,17.247.220.15,2022-01-27 19:27:34.529313

HTTP,226,hadoop.apache.org,/contact.html,82.30.185.48,2022-01-27 19:27:34.529321

HTTP,304,www.cloudera.com,/index.html,89.70.84.89,2022-01-27 19:27:34.529330

HTTP,510,www.quicloud.com,/support.html,240.61.234.183,2022-01-27 19:27:34.529338

HTTP,100,flume.apache.org,/contact.html,142.9.245.54,2022-01-27 19:27:34.529347

HTTP,102,www.globalknowledge.com,/products.html,198.167.174.30,2022-01-27 19:27:34.529355

HTTP,204,www.globalknowledge.com,/products.html,24.224.54.11,2022-01-27 19:27:34.529363

HTTP,505,www.quicloud.com,/about.html,7.41.203.165,2022-01-27 19:27:34.529372

HTTP,207,www.gigaom.com,/contact/submit.html,57.183.142.240,2022-01-27 19:27:34.529380

HTTP,206,flume.apache.org,/about.html,184.209.80.110,2022-01-27 19:27:34.529388

HTTP,304,console.amazon.com,/index.html,76.245.214.99,2022-01-27 19:27:34.529399

HTTP,426,console.amazon.com,/products.html,180.31.147.228,2022-01-27 19:27:34.529407

HTTP,422,flume.apache.org,/index.html,12.15.79.98,2022-01-27 19:27:34.529415

HTTP,401,www.cloudera.com,/services.html,196.242.124.239,2022-01-27 19:27:34.529424

HTTP,414,www.gigaom.com,/contact.html,163.223.6.163,2022-01-27 19:27:34.529432

HTTP,300,www.infiniteskills.com,/products.html,132.158.73.162,2022-01-27 19:27:34.529441

HTTP,303,www.globalknowledge.com,/about.html,176.87.225.86,2022-01-27 19:27:34.529449

HTTP,207,www.gigaom.com,/support.html,194.25.180.183,2022-01-27 19:27:34.529527

HTTP,412,flume.apache.org,/contact.html,136.102.175.85,2022-01-27 19:27:34.529537

HTTP,301,www.globalknowledge.com,/products.html,26.250.88.54,2022-01-27 19:27:34.529545

HTTP,504,hadoop.apache.org,/about.html,235.102.96.84,2022-01-27 19:27:34.529580

HTTP,407,flume.apache.org,/products.html,246.91.24.195,2022-01-27 19:27:34.529620

HTTP,416,www.cloudera.com,/index.html,172.36.183.11,2022-01-27 19:27:34.529638

HTTP,202,www.infiniteskills.com,/about.html,224.232.154.145,2022-01-27 19:27:34.529655

HTTP,505,flume.apache.org,/services.html,15.127.251.216,2022-01-27 19:27:34.529669

HTTP,204,console.amazon.com,/products.html,14.205.49.248,2022-01-27 19:27:34.529680

HTTP,303,www.gigaom.com,/about.html,77.244.215.182,2022-01-27 19:27:34.529725

HTTP,504,flume.apache.org,/products.html,129.0.53.159,2022-01-27 19:27:34.529735

HTTP,507,www.gigaom.com,/contact/submit.html,205.18.229.188,2022-01-27 19:27:34.579975

HTTP,412,console.amazon.com,/about.html,55.71.137.169,2022-01-27 19:27:34.580017

HTTP,305,www.cloudera.com,/about.html,135.67.1.144,2022-01-27 19:27:34.580028

HTTP,417,www.globalknowledge.com,/contact.html,175.19.118.102,2022-01-27 19:27:34.580040

HTTP,201,www.cloudera.com,/contact/submit.html,164.84.212.30,2022-01-27 19:27:34.580050

HTTP,402,www.infiniteskills.com,/contact.html,204.12.95.216,2022-01-27 19:27:34.580059

HTTP,406,www.gigaom.com,/support.html,108.142.209.117,2022-01-27 19:27:34.580068

HTTP,410,hadoop.apache.org,/contact/submit.html,125.213.69.55,2022-01-27 19:27:34.580077

HTTP,406,www.cloudera.com,/products.html,88.134.19.27,2022-01-27 19:27:34.580085

HTTP,503,www.globalknowledge.com,/products.html,200.97.46.148,2022-01-27 19:27:34.580094

HTTP,200,www.cloudera.com,/support.html,214.253.230.192,2022-01-27 19:27:34.580102

HTTP,407,www.quicloud.com,/products.html,225.85.188.17,2022-01-27 19:27:34.580111

HTTP,201,flume.apache.org,/services.html,78.83.72.59,2022-01-27 19:27:34.580119

HTTP,204,www.globalknowledge.com,/services.html,180.243.220.158,2022-01-27 19:27:34.580128

HTTP,404,flume.apache.org,/about.html,154.16.137.96,2022-01-27 19:27:34.580137

HTTP,501,www.gigaom.com,/services.html,182.84.96.52,2022-01-27 19:27:34.580146

HTTP,410,console.amazon.com,/services.html,202.191.214.213,2022-01-27 19:27:34.580154

HTTP,503,www.infiniteskills.com,/contact/submit.html,156.235.101.159,2022-01-27 19:27:34.580163

HTTP,423,hadoop.apache.org,/about.html,132.192.251.49,2022-01-27 19:27:34.580174

HTTP,412,hadoop.apache.org,/products.html,214.215.124.75,2022-01-27 19:27:34.580184

HTTP,407,www.gigaom.com,/contact/submit.html,191.171.6.173,2022-01-27 19:27:34.580192

HTTP,307,hadoop.apache.org,/about.html,33.144.153.160,2022-01-27 19:27:34.580201

HTTP,411,hadoop.apache.org,/services.html,154.77.163.8,2022-01-27 19:27:34.580210

HTTP,500,www.gigaom.com,/products.html,180.52.91.128,2022-01-27 19:27:34.580218

HTTP,408,hadoop.apache.org,/about.html,14.60.63.175,2022-01-27 19:27:34.580227

HTTP,424,flume.apache.org,/index.html,110.139.60.139,2022-01-27 19:27:34.580235

HTTP,303,www.cloudera.com,/support.html,104.101.67.127,2022-01-27 19:27:34.580245

HTTP,301,console.amazon.com,/about.html,192.204.63.120,2022-01-27 19:27:34.580254

HTTP,300,hadoop.apache.org,/support.html,70.128.197.37,2022-01-27 19:27:34.580262

HTTP,415,www.globalknowledge.com,/contact.html,169.86.79.163,2022-01-27 19:27:34.580273

HTTP,501,www.globalknowledge.com,/about.html,0.243.101.238,2022-01-27 19:27:34.580282

HTTP,414,www.gigaom.com,/services.html,170.227.117.31,2022-01-27 19:27:34.580290

HTTP,226,www.globalknowledge.com,/services.html,72.127.45.235,2022-01-27 19:27:34.580299

HTTP,305,www.gigaom.com,/services.html,139.208.36.118,2022-01-27 19:27:34.580307

HTTP,510,hadoop.apache.org,/contact/submit.html,210.9.101.183,2022-01-27 19:27:34.580316

HTTP,406,www.globalknowledge.com,/contact.html,250.101.172.179,2022-01-27 19:27:34.580324

HTTP,101,www.quicloud.com,/products.html,7.113.63.156,2022-01-27 19:27:34.580332

HTTP,403,www.infiniteskills.com,/products.html,48.78.141.70,2022-01-27 19:27:34.580341

HTTP,505,www.gigaom.com,/support.html,244.231.157.17,2022-01-27 19:27:34.580349

HTTP,423,hadoop.apache.org,/products.html,202.57.240.247,2022-01-27 19:27:34.580360

HTTP,403,www.gigaom.com,/services.html,74.165.149.28,2022-01-27 19:27:34.580369

HTTP,303,flume.apache.org,/support.html,158.19.126.78,2022-01-27 19:27:34.580379

HTTP,305,flume.apache.org,/products.html,119.137.61.114,2022-01-27 19:27:34.580388

HTTP,201,console.amazon.com,/products.html,239.232.126.134,2022-01-27 19:27:34.580397

HTTP,205,www.globalknowledge.com,/contact/submit.html,149.201.53.126,2022-01-27 19:27:34.580406

HTTP,300,www.infiniteskills.com,/about.html,238.254.106.128,2022-01-27 19:27:34.580415

HTTP,400,www.cloudera.com,/products.html,11.24.138.163,2022-01-27 19:27:34.580423

HTTP,423,www.globalknowledge.com,/contact/submit.html,94.16.131.35,2022-01-27 19:27:34.580434

HTTP,503,flume.apache.org,/contact/submit.html,69.48.174.79,2022-01-27 19:27:34.580443

HTTP,505,console.amazon.com,/about.html,77.198.189.197,2022-01-27 19:27:34.580452

HTTP,409,www.infiniteskills.com,/index.html,148.105.171.22,2022-01-27 19:27:34.630825

HTTP,301,console.amazon.com,/products.html,101.230.0.110,2022-01-27 19:27:34.630884

HTTP,203,console.amazon.com,/contact.html,205.165.224.63,2022-01-27 19:27:34.630901

HTTP,101,www.quicloud.com,/support.html,231.145.177.8,2022-01-27 19:27:34.630918

HTTP,423,hadoop.apache.org,/products.html,82.237.91.50,2022-01-27 19:27:34.630934

HTTP,507,hadoop.apache.org,/about.html,1.181.174.211,2022-01-27 19:27:34.630947

HTTP,407,www.infiniteskills.com,/contact.html,251.64.158.166,2022-01-27 19:27:34.630962

HTTP,204,www.globalknowledge.com,/contact.html,79.115.220.188,2022-01-27 19:27:34.630975

HTTP,101,console.amazon.com,/products.html,174.36.206.59,2022-01-27 19:27:34.630989

HTTP,410,www.quicloud.com,/products.html,150.90.2.175,2022-01-27 19:27:34.631006

HTTP,500,www.quicloud.com,/about.html,25.109.153.154,2022-01-27 19:27:34.631019

HTTP,417,console.amazon.com,/support.html,38.155.173.239,2022-01-27 19:27:34.631032

HTTP,412,www.quicloud.com,/contact.html,198.31.46.3,2022-01-27 19:27:34.631045

HTTP,501,www.quicloud.com,/about.html,223.63.132.156,2022-01-27 19:27:34.631058

HTTP,300,hadoop.apache.org,/about.html,207.108.129.62,2022-01-27 19:27:34.631071

HTTP,206,www.cloudera.com,/products.html,12.1.246.51,2022-01-27 19:27:34.631084

HTTP,400,www.gigaom.com,/about.html,93.214.116.176,2022-01-27 19:27:34.631141

HTTP,401,console.amazon.com,/services.html,120.204.99.158,2022-01-27 19:27:34.631166

HTTP,304,www.quicloud.com,/products.html,17.124.227.230,2022-01-27 19:27:34.631183

HTTP,501,www.infiniteskills.com,/support.html,140.48.204.160,2022-01-27 19:27:34.631199

HTTP,501,console.amazon.com,/support.html,132.228.177.90,2022-01-27 19:27:34.631220

HTTP,500,www.gigaom.com,/support.html,151.161.233.96,2022-01-27 19:27:34.631236

HTTP,500,www.infiniteskills.com,/services.html,128.81.61.122,2022-01-27 19:27:34.631276

HTTP,203,flume.apache.org,/support.html,123.150.216.105,2022-01-27 19:27:34.631294

HTTP,307,console.amazon.com,/contact/submit.html,22.43.132.114,2022-01-27 19:27:34.631313

HTTP,502,console.amazon.com,/contact.html,100.70.254.42,2022-01-27 19:27:34.631334

HTTP,303,console.amazon.com,/products.html,1.96.56.209,2022-01-27 19:27:34.631349

HTTP,403,www.quicloud.com,/contact/submit.html,113.141.70.51,2022-01-27 19:27:34.631365

HTTP,403,www.cloudera.com,/index.html,131.146.72.188,2022-01-27 19:27:34.631412

HTTP,504,www.gigaom.com,/contact/submit.html,222.229.115.251,2022-01-27 19:27:34.631427

HTTP,510,www.cloudera.com,/index.html,159.116.44.74,2022-01-27 19:27:34.631448

HTTP,204,console.amazon.com,/products.html,17.3.220.29,2022-01-27 19:27:34.631463

HTTP,303,www.cloudera.com,/services.html,122.64.151.193,2022-01-27 19:27:34.631484

HTTP,408,www.gigaom.com,/services.html,12.73.121.225,2022-01-27 19:27:34.631500

HTTP,407,www.cloudera.com,/contact.html,103.116.70.48,2022-01-27 19:27:34.631521

HTTP,203,www.cloudera.com,/contact/submit.html,221.14.188.155,2022-01-27 19:27:34.631653

HTTP,401,flume.apache.org,/contact/submit.html,25.99.250.98,2022-01-27 19:27:34.631722

HTTP,303,www.infiniteskills.com,/contact/submit.html,84.245.200.234,2022-01-27 19:27:34.631739

HTTP,415,www.globalknowledge.com,/index.html,60.176.218.122,2022-01-27 19:27:34.631759

HTTP,507,console.amazon.com,/about.html,140.245.148.40,2022-01-27 19:27:34.631774

HTTP,201,hadoop.apache.org,/contact.html,143.51.201.41,2022-01-27 19:27:34.631843

HTTP,414,www.gigaom.com,/contact.html,112.91.209.246,2022-01-27 19:27:34.631864

HTTP,204,console.amazon.com,/products.html,240.230.105.223,2022-01-27 19:27:34.631880

HTTP,416,www.cloudera.com,/index.html,18.55.224.236,2022-01-27 19:27:34.631899

HTTP,500,www.infiniteskills.com,/about.html,181.206.56.132,2022-01-27 19:27:34.631915

HTTP,414,hadoop.apache.org,/contact/submit.html,66.160.149.86,2022-01-27 19:27:34.631935

HTTP,400,www.infiniteskills.com,/products.html,59.50.201.150,2022-01-27 19:27:34.631951

HTTP,406,hadoop.apache.org,/contact/submit.html,71.247.88.237,2022-01-27 19:27:34.631966

HTTP,426,flume.apache.org,/services.html,97.125.191.211,2022-01-27 19:27:34.631981

HTTP,207,www.quicloud.com,/products.html,102.231.11.106,2022-01-27 19:27:34.631996

HTTP,503,console.amazon.com,/contact.html,30.135.116.219,2022-01-27 19:27:34.683870

HTTP,408,console.amazon.com,/contact.html,104.162.226.171,2022-01-27 19:27:34.683920

HTTP,201,www.cloudera.com,/services.html,198.64.129.54,2022-01-27 19:27:34.683942

HTTP,205,www.quicloud.com,/about.html,160.163.16.206,2022-01-27 19:27:34.683960

HTTP,507,www.globalknowledge.com,/products.html,15.216.94.102,2022-01-27 19:27:34.683972

HTTP,101,www.quicloud.com,/services.html,127.181.246.86,2022-01-27 19:27:34.683982

HTTP,205,flume.apache.org,/index.html,57.73.40.54,2022-01-27 19:27:34.683993

HTTP,206,console.amazon.com,/products.html,232.238.71.50,2022-01-27 19:27:34.684003

HTTP,504,www.globalknowledge.com,/services.html,8.136.180.169,2022-01-27 19:27:34.684014

HTTP,426,www.quicloud.com,/contact.html,251.10.37.77,2022-01-27 19:27:34.684026

HTTP,100,hadoop.apache.org,/index.html,124.4.45.88,2022-01-27 19:27:34.684037

HTTP,307,console.amazon.com,/about.html,31.187.30.159,2022-01-27 19:27:34.684047

HTTP,100,console.amazon.com,/contact/submit.html,158.168.32.16,2022-01-27 19:27:34.684058

HTTP,205,www.globalknowledge.com,/contact/submit.html,2.102.249.204,2022-01-27 19:27:34.684070

HTTP,101,www.gigaom.com,/index.html,176.35.125.104,2022-01-27 19:27:34.684080

HTTP,414,www.globalknowledge.com,/index.html,45.106.197.95,2022-01-27 19:27:34.684093

HTTP,200,www.infiniteskills.com,/contact/submit.html,56.56.147.100,2022-01-27 19:27:34.684104

HTTP,408,www.globalknowledge.com,/services.html,45.89.148.242,2022-01-27 19:27:34.684119

HTTP,410,hadoop.apache.org,/support.html,112.86.84.146,2022-01-27 19:27:34.684130

HTTP,206,www.cloudera.com,/support.html,77.145.134.252,2022-01-27 19:27:34.684141

HTTP,207,console.amazon.com,/products.html,176.65.2.249,2022-01-27 19:27:34.684151

HTTP,307,www.globalknowledge.com,/contact.html,111.192.21.51,2022-01-27 19:27:34.684162

HTTP,500,hadoop.apache.org,/support.html,97.141.18.3,2022-01-27 19:27:34.684175

HTTP,406,hadoop.apache.org,/products.html,198.194.224.241,2022-01-27 19:27:34.684186

HTTP,500,console.amazon.com,/products.html,79.128.89.109,2022-01-27 19:27:34.684197

HTTP,400,www.infiniteskills.com,/services.html,23.195.239.223,2022-01-27 19:27:34.684207

HTTP,202,www.cloudera.com,/about.html,106.94.154.192,2022-01-27 19:27:34.684217

HTTP,415,console.amazon.com,/contact/submit.html,122.172.195.23,2022-01-27 19:27:34.684228

HTTP,410,www.infiniteskills.com,/contact.html,11.194.130.33,2022-01-27 19:27:34.684238

HTTP,401,www.cloudera.com,/about.html,80.26.248.179,2022-01-27 19:27:34.684249

HTTP,207,hadoop.apache.org,/index.html,168.86.248.109,2022-01-27 19:27:34.684259

HTTP,301,flume.apache.org,/products.html,56.212.225.182,2022-01-27 19:27:34.684269

HTTP,502,www.quicloud.com,/about.html,8.249.240.172,2022-01-27 19:27:34.684280

HTTP,301,hadoop.apache.org,/about.html,236.177.181.162,2022-01-27 19:27:34.684291

HTTP,304,console.amazon.com,/contact.html,80.90.129.213,2022-01-27 19:27:34.684301

HTTP,207,www.gigaom.com,/support.html,186.63.128.42,2022-01-27 19:27:34.684311

HTTP,202,flume.apache.org,/contact.html,29.188.206.195,2022-01-27 19:27:34.684322

HTTP,401,www.infiniteskills.com,/support.html,1.89.100.95,2022-01-27 19:27:34.684332

HTTP,415,hadoop.apache.org,/products.html,168.215.158.6,2022-01-27 19:27:34.684343

HTTP,402,www.infiniteskills.com,/services.html,25.75.196.112,2022-01-27 19:27:34.684354

HTTP,413,www.quicloud.com,/index.html,217.101.191.207,2022-01-27 19:27:34.684364

HTTP,201,flume.apache.org,/products.html,55.220.8.204,2022-01-27 19:27:34.684396

HTTP,403,www.infiniteskills.com,/index.html,190.236.92.56,2022-01-27 19:27:34.684409

HTTP,510,www.quicloud.com,/index.html,254.112.6.191,2022-01-27 19:27:34.684420

HTTP,302,hadoop.apache.org,/services.html,26.123.250.47,2022-01-27 19:27:34.684444

HTTP,207,flume.apache.org,/support.html,234.210.187.214,2022-01-27 19:27:34.684455

HTTP,203,www.globalknowledge.com,/services.html,144.126.83.239,2022-01-27 19:27:34.684467

HTTP,301,www.quicloud.com,/services.html,145.149.212.115,2022-01-27 19:27:34.684477

HTTP,101,www.gigaom.com,/index.html,47.27.83.113,2022-01-27 19:27:34.684488

HTTP,423,hadoop.apache.org,/index.html,69.216.101.5,2022-01-27 19:27:34.684498

HTTP,415,hadoop.apache.org,/products.html,186.63.92.62,2022-01-27 19:27:34.734967

HTTP,407,www.cloudera.com,/about.html,173.253.34.23,2022-01-27 19:27:34.735037

HTTP,205,flume.apache.org,/support.html,152.240.233.119,2022-01-27 19:27:34.735060

HTTP,423,console.amazon.com,/index.html,232.132.208.150,2022-01-27 19:27:34.735078

HTTP,304,www.gigaom.com,/about.html,72.188.221.236,2022-01-27 19:27:34.735095

HTTP,412,www.quicloud.com,/contact/submit.html,137.172.108.247,2022-01-27 19:27:34.735117

HTTP,202,hadoop.apache.org,/support.html,174.231.23.175,2022-01-27 19:27:34.735134

HTTP,405,www.globalknowledge.com,/contact/submit.html,36.136.36.160,2022-01-27 19:27:34.735155

HTTP,300,flume.apache.org,/services.html,54.165.161.8,2022-01-27 19:27:34.735171

HTTP,201,www.infiniteskills.com,/support.html,170.171.199.82,2022-01-27 19:27:34.735192

HTTP,202,www.gigaom.com,/index.html,3.46.115.152,2022-01-27 19:27:34.735210

HTTP,412,hadoop.apache.org,/contact.html,160.23.77.233,2022-01-27 19:27:34.735232

HTTP,409,www.gigaom.com,/services.html,227.60.95.247,2022-01-27 19:27:34.735248

HTTP,203,hadoop.apache.org,/support.html,206.254.191.4,2022-01-27 19:27:34.735270

HTTP,505,console.amazon.com,/products.html,162.81.172.9,2022-01-27 19:27:34.735291

HTTP,201,www.quicloud.com,/products.html,184.235.38.43,2022-01-27 19:27:34.735310

HTTP,408,www.gigaom.com,/services.html,124.35.24.50,2022-01-27 19:27:34.735331

HTTP,402,flume.apache.org,/index.html,254.246.156.62,2022-01-27 19:27:34.735347

HTTP,201,www.cloudera.com,/contact.html,210.123.206.224,2022-01-27 19:27:34.735368

HTTP,206,www.gigaom.com,/support.html,123.173.119.233,2022-01-27 19:27:34.735384

HTTP,226,flume.apache.org,/index.html,90.226.95.237,2022-01-27 19:27:34.735490

HTTP,502,www.quicloud.com,/about.html,64.247.75.226,2022-01-27 19:27:34.735524

HTTP,201,www.cloudera.com,/support.html,50.183.134.117,2022-01-27 19:27:34.735543

HTTP,303,www.globalknowledge.com,/services.html,11.117.246.138,2022-01-27 19:27:34.735566

HTTP,207,www.quicloud.com,/contact.html,240.12.148.91,2022-01-27 19:27:34.735585

HTTP,203,www.globalknowledge.com,/contact.html,30.135.114.103,2022-01-27 19:27:34.735718

HTTP,404,flume.apache.org,/about.html,244.142.47.7,2022-01-27 19:27:34.735752

HTTP,501,www.infiniteskills.com,/contact.html,250.16.107.217,2022-01-27 19:27:34.735780

HTTP,402,console.amazon.com,/index.html,11.131.125.137,2022-01-27 19:27:34.735803

HTTP,411,www.cloudera.com,/contact.html,60.232.159.201,2022-01-27 19:27:34.735829

HTTP,202,www.cloudera.com,/contact.html,49.73.156.126,2022-01-27 19:27:34.735849

HTTP,501,www.cloudera.com,/support.html,189.209.108.189,2022-01-27 19:27:34.735986

HTTP,411,www.gigaom.com,/products.html,33.85.223.164,2022-01-27 19:27:34.736004

HTTP,402,www.globalknowledge.com,/products.html,199.102.196.28,2022-01-27 19:27:34.736028

HTTP,409,flume.apache.org,/index.html,246.253.97.202,2022-01-27 19:27:34.736045

HTTP,303,www.quicloud.com,/contact.html,113.206.31.146,2022-01-27 19:27:34.736061

HTTP,424,www.quicloud.com,/services.html,145.24.133.238,2022-01-27 19:27:34.736078

HTTP,417,hadoop.apache.org,/about.html,189.208.73.44,2022-01-27 19:27:34.736094

HTTP,412,www.globalknowledge.com,/contact.html,251.52.176.57,2022-01-27 19:27:34.736146

HTTP,100,hadoop.apache.org,/contact/submit.html,62.123.157.211,2022-01-27 19:27:34.736162

HTTP,303,flume.apache.org,/contact.html,141.214.215.14,2022-01-27 19:27:34.736179

HTTP,407,www.globalknowledge.com,/about.html,174.72.84.48,2022-01-27 19:27:34.736195

HTTP,303,hadoop.apache.org,/contact/submit.html,148.92.137.78,2022-01-27 19:27:34.736211

HTTP,200,www.infiniteskills.com,/products.html,123.63.241.133,2022-01-27 19:27:34.736227

HTTP,202,flume.apache.org,/contact.html,83.90.215.65,2022-01-27 19:27:34.736243

HTTP,501,www.gigaom.com,/services.html,253.39.111.151,2022-01-27 19:27:34.736260

HTTP,503,flume.apache.org,/support.html,143.237.107.204,2022-01-27 19:27:34.736276

HTTP,408,www.quicloud.com,/support.html,93.155.110.114,2022-01-27 19:27:34.736307

HTTP,411,www.quicloud.com,/services.html,61.43.33.215,2022-01-27 19:27:34.736323

HTTP,207,www.gigaom.com,/contact/submit.html,162.53.42.84,2022-01-27 19:27:34.736340

HTTP,505,www.quicloud.com,/products.html,126.234.66.83,2022-01-27 19:27:34.786840

HTTP,424,www.infiniteskills.com,/support.html,78.126.27.24,2022-01-27 19:27:34.786905

HTTP,101,www.cloudera.com,/services.html,94.39.165.79,2022-01-27 19:27:34.786928

HTTP,416,flume.apache.org,/about.html,253.98.72.107,2022-01-27 19:27:34.786945

HTTP,402,www.globalknowledge.com,/index.html,60.92.24.117,2022-01-27 19:27:34.786962

HTTP,207,console.amazon.com,/contact/submit.html,216.220.25.4,2022-01-27 19:27:34.786981

HTTP,402,www.globalknowledge.com,/support.html,222.132.246.54,2022-01-27 19:27:34.786999

HTTP,205,www.cloudera.com,/about.html,120.211.44.241,2022-01-27 19:27:34.787020

HTTP,504,www.cloudera.com,/contact.html,248.68.54.219,2022-01-27 19:27:34.787038

HTTP,206,www.infiniteskills.com,/contact.html,69.8.190.205,2022-01-27 19:27:34.787128

HTTP,201,www.gigaom.com,/contact.html,150.228.14.197,2022-01-27 19:27:34.787163

HTTP,422,console.amazon.com,/support.html,182.24.110.199,2022-01-27 19:27:34.787184

HTTP,410,console.amazon.com,/contact/submit.html,246.51.66.144,2022-01-27 19:27:34.787200

HTTP,410,console.amazon.com,/about.html,34.145.55.235,2022-01-27 19:27:34.787222

HTTP,300,www.quicloud.com,/index.html,41.166.200.63,2022-01-27 19:27:34.787239

HTTP,408,www.gigaom.com,/services.html,5.149.89.133,2022-01-27 19:27:34.787262

HTTP,502,console.amazon.com,/support.html,178.91.202.53,2022-01-27 19:27:34.787283

HTTP,405,hadoop.apache.org,/products.html,152.96.227.137,2022-01-27 19:27:34.787304

HTTP,226,console.amazon.com,/about.html,209.132.190.24,2022-01-27 19:27:34.787337

HTTP,500,www.cloudera.com,/contact/submit.html,232.124.48.83,2022-01-27 19:27:34.787363

HTTP,226,console.amazon.com,/support.html,9.159.100.103,2022-01-27 19:27:34.787384

HTTP,100,www.gigaom.com,/support.html,60.89.160.219,2022-01-27 19:27:34.787401

HTTP,200,console.amazon.com,/about.html,100.102.122.26,2022-01-27 19:27:34.787425

HTTP,403,www.cloudera.com,/about.html,81.42.43.35,2022-01-27 19:27:34.787441

HTTP,200,www.quicloud.com,/products.html,249.182.147.88,2022-01-27 19:27:34.787463

HTTP,408,www.cloudera.com,/products.html,111.159.151.225,2022-01-27 19:27:34.787480

HTTP,409,www.infiniteskills.com,/index.html,48.135.172.135,2022-01-27 19:27:34.787533

HTTP,423,www.globalknowledge.com,/contact/submit.html,223.91.54.15,2022-01-27 19:27:34.787558

HTTP,202,www.quicloud.com,/about.html,114.104.115.208,2022-01-27 19:27:34.787575

HTTP,307,flume.apache.org,/support.html,34.102.50.132,2022-01-27 19:27:34.787598

HTTP,424,www.cloudera.com,/products.html,108.103.200.6,2022-01-27 19:27:34.787660

HTTP,405,www.cloudera.com,/index.html,90.236.246.14,2022-01-27 19:27:34.787678

HTTP,500,flume.apache.org,/index.html,20.33.223.34,2022-01-27 19:27:34.787695

HTTP,226,console.amazon.com,/contact.html,10.85.120.160,2022-01-27 19:27:34.787711

HTTP,307,www.infiniteskills.com,/contact.html,62.13.170.251,2022-01-27 19:27:34.787727

HTTP,412,flume.apache.org,/services.html,94.184.202.66,2022-01-27 19:27:34.787746

HTTP,301,www.quicloud.com,/contact.html,15.226.43.233,2022-01-27 19:27:34.787764

HTTP,304,hadoop.apache.org,/support.html,142.98.34.230,2022-01-27 19:27:34.787781

HTTP,202,www.infiniteskills.com,/contact/submit.html,53.3.198.233,2022-01-27 19:27:34.787798

HTTP,300,www.gigaom.com,/contact/submit.html,50.96.28.182,2022-01-27 19:27:34.787817

HTTP,409,flume.apache.org,/services.html,93.177.239.228,2022-01-27 19:27:34.787841

HTTP,408,flume.apache.org,/services.html,235.230.8.18,2022-01-27 19:27:34.787868

HTTP,414,www.gigaom.com,/services.html,13.187.48.93,2022-01-27 19:27:34.787895

HTTP,201,www.quicloud.com,/support.html,11.5.218.128,2022-01-27 19:27:34.787912

HTTP,100,flume.apache.org,/contact.html,220.130.243.10,2022-01-27 19:27:34.787930

HTTP,408,hadoop.apache.org,/contact/submit.html,73.62.245.66,2022-01-27 19:27:34.787948

HTTP,408,hadoop.apache.org,/services.html,176.243.200.198,2022-01-27 19:27:34.787966

HTTP,414,console.amazon.com,/index.html,247.22.108.45,2022-01-27 19:27:34.787983

HTTP,204,www.infiniteskills.com,/services.html,66.196.204.72,2022-01-27 19:27:34.788000

HTTP,304,www.quicloud.com,/index.html,149.120.34.53,2022-01-27 19:27:34.788062

HTTP,405,www.globalknowledge.com,/products.html,238.174.148.215,2022-01-27 19:27:34.838372

HTTP,503,www.globalknowledge.com,/services.html,202.130.249.252,2022-01-27 19:27:34.838476

HTTP,502,www.gigaom.com,/contact.html,252.199.205.83,2022-01-27 19:27:34.838507

HTTP,304,www.cloudera.com,/index.html,194.31.16.148,2022-01-27 19:27:34.838532

HTTP,504,flume.apache.org,/index.html,68.0.122.220,2022-01-27 19:27:34.838551

HTTP,303,www.infiniteskills.com,/index.html,87.74.127.63,2022-01-27 19:27:34.838568

HTTP,203,flume.apache.org,/about.html,4.151.111.185,2022-01-27 19:27:34.838585

HTTP,302,www.gigaom.com,/contact/submit.html,31.205.127.29,2022-01-27 19:27:34.838608

HTTP,412,www.quicloud.com,/about.html,103.109.19.87,2022-01-27 19:27:34.838625

HTTP,415,console.amazon.com,/about.html,197.16.7.62,2022-01-27 19:27:34.838642

HTTP,403,hadoop.apache.org,/about.html,103.64.93.90,2022-01-27 19:27:34.838658

HTTP,501,www.cloudera.com,/index.html,56.193.216.226,2022-01-27 19:27:34.838674

HTTP,415,www.infiniteskills.com,/index.html,221.208.115.77,2022-01-27 19:27:34.838691

HTTP,204,console.amazon.com,/products.html,175.195.29.55,2022-01-27 19:27:34.838722

HTTP,423,www.infiniteskills.com,/contact.html,113.51.144.226,2022-01-27 19:27:34.838747

HTTP,404,www.cloudera.com,/support.html,218.3.138.72,2022-01-27 19:27:34.838774

HTTP,307,console.amazon.com,/products.html,135.23.91.87,2022-01-27 19:27:34.838798

HTTP,405,console.amazon.com,/products.html,115.134.175.183,2022-01-27 19:27:34.838815

HTTP,207,www.gigaom.com,/support.html,224.8.134.36,2022-01-27 19:27:34.838837

HTTP,301,www.gigaom.com,/contact/submit.html,25.206.146.242,2022-01-27 19:27:34.838853

HTTP,510,www.infiniteskills.com,/contact.html,149.195.219.199,2022-01-27 19:27:34.838871

HTTP,400,www.globalknowledge.com,/contact/submit.html,36.178.17.109,2022-01-27 19:27:34.838888

HTTP,101,www.cloudera.com,/services.html,61.121.11.102,2022-01-27 19:27:34.838910

HTTP,303,flume.apache.org,/services.html,186.180.61.58,2022-01-27 19:27:34.838927

HTTP,417,flume.apache.org,/products.html,175.50.20.122,2022-01-27 19:27:34.838952

HTTP,502,www.quicloud.com,/index.html,161.162.24.202,2022-01-27 19:27:34.838969

HTTP,415,www.quicloud.com,/services.html,224.198.40.111,2022-01-27 19:27:34.838990

HTTP,304,www.gigaom.com,/support.html,164.224.39.184,2022-01-27 19:27:34.839006

HTTP,406,console.amazon.com,/contact.html,40.141.115.8,2022-01-27 19:27:34.839143

HTTP,502,www.globalknowledge.com,/contact.html,32.247.177.29,2022-01-27 19:27:34.839163

HTTP,201,www.cloudera.com,/contact.html,145.173.180.220,2022-01-27 19:27:34.839183

HTTP,400,www.quicloud.com,/contact.html,139.235.172.163,2022-01-27 19:27:34.839206

HTTP,303,www.infiniteskills.com,/index.html,164.173.119.3,2022-01-27 19:27:34.839223

HTTP,410,flume.apache.org,/products.html,113.151.122.168,2022-01-27 19:27:34.839245

HTTP,101,www.infiniteskills.com,/contact.html,135.234.62.33,2022-01-27 19:27:34.839262

HTTP,202,flume.apache.org,/index.html,13.59.63.29,2022-01-27 19:27:34.839284

HTTP,507,www.gigaom.com,/products.html,176.211.89.202,2022-01-27 19:27:34.839337

HTTP,226,www.quicloud.com,/index.html,220.105.29.106,2022-01-27 19:27:34.839431

HTTP,416,www.cloudera.com,/products.html,41.57.173.70,2022-01-27 19:27:34.839473

HTTP,503,console.amazon.com,/services.html,17.228.27.27,2022-01-27 19:27:34.839504

HTTP,200,www.quicloud.com,/index.html,62.191.177.186,2022-01-27 19:27:34.839528

HTTP,408,www.quicloud.com,/index.html,28.141.210.247,2022-01-27 19:27:34.839600

HTTP,426,www.infiniteskills.com,/about.html,208.144.213.71,2022-01-27 19:27:34.839683

HTTP,101,hadoop.apache.org,/index.html,184.2.177.3,2022-01-27 19:27:34.839710

HTTP,203,console.amazon.com,/support.html,218.97.38.65,2022-01-27 19:27:34.839731

HTTP,303,flume.apache.org,/products.html,185.214.150.108,2022-01-27 19:27:34.839750

HTTP,303,www.cloudera.com,/contact/submit.html,111.196.107.229,2022-01-27 19:27:34.839767

HTTP,414,www.gigaom.com,/contact/submit.html,58.226.210.217,2022-01-27 19:27:34.839783

HTTP,206,www.globalknowledge.com,/services.html,251.226.221.25,2022-01-27 19:27:34.839799

HTTP,504,www.cloudera.com,/contact/submit.html,182.143.97.82,2022-01-27 19:27:34.839816

HTTP,502,flume.apache.org,/about.html,168.147.41.51,2022-01-27 19:27:34.890045

HTTP,402,www.infiniteskills.com,/contact/submit.html,116.16.199.184,2022-01-27 19:27:34.890099

HTTP,412,www.quicloud.com,/index.html,99.227.199.124,2022-01-27 19:27:34.890119

HTTP,411,www.gigaom.com,/support.html,0.199.97.117,2022-01-27 19:27:34.890137

HTTP,502,console.amazon.com,/about.html,150.89.115.15,2022-01-27 19:27:34.890154

HTTP,203,www.infiniteskills.com,/index.html,28.205.161.242,2022-01-27 19:27:34.890171

HTTP,203,www.gigaom.com,/index.html,91.230.221.6,2022-01-27 19:27:34.890188

HTTP,102,www.infiniteskills.com,/services.html,17.196.159.124,2022-01-27 19:27:34.890203

HTTP,510,www.infiniteskills.com,/index.html,181.152.192.242,2022-01-27 19:27:34.890221

HTTP,410,www.cloudera.com,/support.html,97.61.238.161,2022-01-27 19:27:34.890238

HTTP,503,www.gigaom.com,/services.html,41.21.228.245,2022-01-27 19:27:34.890258

HTTP,423,www.infiniteskills.com,/contact.html,145.103.93.250,2022-01-27 19:27:34.890276

HTTP,500,www.cloudera.com,/contact/submit.html,66.31.118.194,2022-01-27 19:27:34.890291

HTTP,304,www.cloudera.com,/index.html,220.95.95.246,2022-01-27 19:27:34.890308

HTTP,300,www.cloudera.com,/contact/submit.html,214.69.38.125,2022-01-27 19:27:34.890327

HTTP,409,hadoop.apache.org,/contact.html,174.168.10.195,2022-01-27 19:27:34.890349

HTTP,100,flume.apache.org,/contact/submit.html,55.84.55.38,2022-01-27 19:27:34.890367

HTTP,201,www.gigaom.com,/support.html,69.16.55.134,2022-01-27 19:27:34.890389

HTTP,206,www.infiniteskills.com,/contact/submit.html,59.28.155.58,2022-01-27 19:27:34.890411

HTTP,300,hadoop.apache.org,/index.html,65.250.186.60,2022-01-27 19:27:34.890432

HTTP,416,console.amazon.com,/products.html,122.233.30.4,2022-01-27 19:27:34.890448

HTTP,503,www.infiniteskills.com,/products.html,133.215.226.121,2022-01-27 19:27:34.890467

HTTP,402,www.gigaom.com,/support.html,239.159.122.223,2022-01-27 19:27:34.890491

HTTP,207,www.quicloud.com,/index.html,53.85.64.107,2022-01-27 19:27:34.890509

HTTP,413,www.quicloud.com,/products.html,244.246.19.2,2022-01-27 19:27:34.890527

HTTP,204,www.globalknowledge.com,/products.html,11.223.144.219,2022-01-27 19:27:34.890546

HTTP,402,www.gigaom.com,/services.html,3.231.248.52,2022-01-27 19:27:34.890563

HTTP,503,console.amazon.com,/index.html,15.155.52.14,2022-01-27 19:27:34.890580

HTTP,302,hadoop.apache.org,/support.html,11.80.42.182,2022-01-27 19:27:34.890597

HTTP,507,www.cloudera.com,/contact.html,98.18.190.241,2022-01-27 19:27:34.890614

HTTP,500,hadoop.apache.org,/contact.html,15.191.122.99,2022-01-27 19:27:34.890631

HTTP,504,www.gigaom.com,/products.html,29.237.211.62,2022-01-27 19:27:34.890648

HTTP,424,hadoop.apache.org,/services.html,216.121.14.52,2022-01-27 19:27:34.890666

HTTP,505,www.infiniteskills.com,/support.html,234.215.2.254,2022-01-27 19:27:34.890688

HTTP,307,hadoop.apache.org,/contact/submit.html,139.95.209.130,2022-01-27 19:27:34.890706

HTTP,412,www.gigaom.com,/services.html,16.29.240.109,2022-01-27 19:27:34.890723

HTTP,204,console.amazon.com,/index.html,203.104.240.212,2022-01-27 19:27:34.890740

HTTP,500,www.gigaom.com,/services.html,194.124.174.61,2022-01-27 19:27:34.890757

HTTP,423,hadoop.apache.org,/index.html,143.233.50.25,2022-01-27 19:27:34.890774

HTTP,303,www.globalknowledge.com,/services.html,12.121.42.55,2022-01-27 19:27:34.890791

HTTP,204,www.infiniteskills.com,/index.html,252.90.122.70,2022-01-27 19:27:34.890808

HTTP,206,www.infiniteskills.com,/services.html,126.97.66.86,2022-01-27 19:27:34.890825

HTTP,205,www.quicloud.com,/products.html,126.173.127.98,2022-01-27 19:27:34.890844

HTTP,504,flume.apache.org,/contact/submit.html,8.103.92.116,2022-01-27 19:27:34.890859

HTTP,504,www.cloudera.com,/products.html,81.172.47.9,2022-01-27 19:27:34.890873

HTTP,411,www.globalknowledge.com,/contact/submit.html,69.21.11.212,2022-01-27 19:27:34.890888

HTTP,502,console.amazon.com,/contact/submit.html,203.93.133.154,2022-01-27 19:27:34.890903

HTTP,401,www.cloudera.com,/about.html,107.0.190.45,2022-01-27 19:27:34.890918

HTTP,410,www.globalknowledge.com,/services.html,173.1.12.3,2022-01-27 19:27:34.890933

HTTP,302,www.gigaom.com,/contact.html,25.74.131.51,2022-01-27 19:27:34.890969

HTTP,201,www.globalknowledge.com,/about.html,211.142.230.129,2022-01-27 19:27:34.941165

HTTP,403,www.gigaom.com,/services.html,189.205.3.10,2022-01-27 19:27:34.941252

HTTP,422,www.gigaom.com,/services.html,149.188.14.70,2022-01-27 19:27:34.941273

HTTP,101,hadoop.apache.org,/services.html,233.3.147.204,2022-01-27 19:27:34.941288

HTTP,202,www.quicloud.com,/support.html,239.170.4.132,2022-01-27 19:27:34.941304

HTTP,100,www.cloudera.com,/index.html,218.141.225.16,2022-01-27 19:27:34.941318

HTTP,417,www.infiniteskills.com,/index.html,67.50.125.105,2022-01-27 19:27:34.941332

HTTP,414,flume.apache.org,/index.html,12.147.202.155,2022-01-27 19:27:34.941346

HTTP,207,www.quicloud.com,/support.html,231.227.31.30,2022-01-27 19:27:34.941360

HTTP,415,www.cloudera.com,/index.html,141.163.40.116,2022-01-27 19:27:34.941374

HTTP,502,www.infiniteskills.com,/about.html,105.245.11.170,2022-01-27 19:27:34.941388

HTTP,102,www.infiniteskills.com,/about.html,247.18.208.100,2022-01-27 19:27:34.941407

HTTP,100,www.quicloud.com,/contact/submit.html,180.145.6.244,2022-01-27 19:27:34.941421

HTTP,413,console.amazon.com,/index.html,179.253.235.234,2022-01-27 19:27:34.941436

HTTP,200,www.gigaom.com,/index.html,245.33.220.176,2022-01-27 19:27:34.941464

HTTP,404,www.gigaom.com,/contact/submit.html,225.8.131.160,2022-01-27 19:27:34.941480

HTTP,404,www.cloudera.com,/contact/submit.html,35.100.180.32,2022-01-27 19:27:34.941494

HTTP,501,hadoop.apache.org,/services.html,84.253.240.236,2022-01-27 19:27:34.941509

HTTP,502,www.globalknowledge.com,/contact.html,181.67.110.28,2022-01-27 19:27:34.941525

HTTP,405,flume.apache.org,/services.html,171.11.116.52,2022-01-27 19:27:34.941538

HTTP,505,hadoop.apache.org,/contact/submit.html,100.153.123.68,2022-01-27 19:27:34.941552

HTTP,505,www.quicloud.com,/about.html,234.205.41.72,2022-01-27 19:27:34.941566

HTTP,102,www.quicloud.com,/index.html,139.163.208.96,2022-01-27 19:27:34.941579

HTTP,417,www.cloudera.com,/about.html,225.191.71.148,2022-01-27 19:27:34.941593

HTTP,413,flume.apache.org,/products.html,45.165.163.17,2022-01-27 19:27:34.941687

HTTP,501,hadoop.apache.org,/contact/submit.html,195.101.46.103,2022-01-27 19:27:34.941702

HTTP,501,www.gigaom.com,/products.html,186.143.247.26,2022-01-27 19:27:34.941716

HTTP,402,www.infiniteskills.com,/products.html,26.16.219.121,2022-01-27 19:27:34.941731

HTTP,500,www.cloudera.com,/about.html,119.16.197.44,2022-01-27 19:27:34.941748

HTTP,408,www.cloudera.com,/contact/submit.html,213.110.100.61,2022-01-27 19:27:34.941761

HTTP,426,www.quicloud.com,/about.html,30.79.167.22,2022-01-27 19:27:34.941774

HTTP,206,hadoop.apache.org,/about.html,199.239.37.186,2022-01-27 19:27:34.941786

HTTP,422,flume.apache.org,/contact.html,251.97.102.193,2022-01-27 19:27:34.941799

HTTP,507,www.infiniteskills.com,/services.html,62.47.153.68,2022-01-27 19:27:34.941812

HTTP,507,www.gigaom.com,/about.html,167.55.85.197,2022-01-27 19:27:34.941849

HTTP,401,flume.apache.org,/index.html,81.92.238.5,2022-01-27 19:27:34.941862

HTTP,305,www.infiniteskills.com,/services.html,146.230.11.60,2022-01-27 19:27:34.941873

HTTP,207,www.infiniteskills.com,/index.html,45.95.164.33,2022-01-27 19:27:34.941885

HTTP,411,www.gigaom.com,/support.html,50.2.82.238,2022-01-27 19:27:34.941899

HTTP,302,www.quicloud.com,/products.html,203.186.8.186,2022-01-27 19:27:34.941912

HTTP,400,www.cloudera.com,/products.html,117.114.187.15,2022-01-27 19:27:34.941928

HTTP,417,www.infiniteskills.com,/about.html,185.193.1.84,2022-01-27 19:27:34.941942

HTTP,100,www.globalknowledge.com,/contact/submit.html,183.126.246.250,2022-01-27 19:27:34.941955

HTTP,301,www.cloudera.com,/index.html,45.151.247.133,2022-01-27 19:27:34.941969

HTTP,403,www.infiniteskills.com,/products.html,209.123.14.127,2022-01-27 19:27:34.941982

HTTP,202,www.gigaom.com,/about.html,156.11.177.4,2022-01-27 19:27:34.941995

HTTP,503,www.globalknowledge.com,/contact/submit.html,174.142.135.170,2022-01-27 19:27:34.942012

HTTP,504,www.infiniteskills.com,/products.html,132.87.206.254,2022-01-27 19:27:34.942025

HTTP,304,flume.apache.org,/about.html,228.20.206.93,2022-01-27 19:27:34.942039

HTTP,226,www.gigaom.com,/products.html,109.172.27.48,2022-01-27 19:27:34.942053

HTTP,510,www.cloudera.com,/products.html,100.202.154.24,2022-01-27 19:27:34.992624

HTTP,205,www.gigaom.com,/index.html,107.229.169.62,2022-01-27 19:27:34.992691

HTTP,409,flume.apache.org,/index.html,106.57.93.56,2022-01-27 19:27:34.992710

HTTP,410,www.gigaom.com,/about.html,82.112.30.186,2022-01-27 19:27:34.992729

HTTP,101,console.amazon.com,/products.html,237.79.110.33,2022-01-27 19:27:34.992745

HTTP,400,hadoop.apache.org,/contact.html,245.45.195.40,2022-01-27 19:27:34.992767

HTTP,406,console.amazon.com,/about.html,58.42.65.142,2022-01-27 19:27:34.992784

HTTP,101,console.amazon.com,/contact/submit.html,126.165.86.62,2022-01-27 19:27:34.992801

HTTP,207,console.amazon.com,/contact.html,197.102.254.235,2022-01-27 19:27:34.992817

HTTP,207,www.cloudera.com,/support.html,118.36.10.223,2022-01-27 19:27:34.992835

HTTP,401,hadoop.apache.org,/about.html,139.224.98.202,2022-01-27 19:27:34.992852

HTTP,400,www.quicloud.com,/index.html,113.192.231.134,2022-01-27 19:27:34.992870

HTTP,403,console.amazon.com,/products.html,144.203.198.139,2022-01-27 19:27:34.992889

HTTP,100,console.amazon.com,/services.html,225.25.178.9,2022-01-27 19:27:34.992906

HTTP,205,www.quicloud.com,/services.html,149.220.149.149,2022-01-27 19:27:34.992924

HTTP,405,www.cloudera.com,/contact/submit.html,80.242.190.200,2022-01-27 19:27:34.992941

HTTP,507,hadoop.apache.org,/support.html,140.127.35.26,2022-01-27 19:27:34.992959

HTTP,422,flume.apache.org,/contact/submit.html,49.113.84.78,2022-01-27 19:27:34.992977

HTTP,505,hadoop.apache.org,/about.html,201.213.228.102,2022-01-27 19:27:34.992992

HTTP,408,www.gigaom.com,/products.html,50.92.119.15,2022-01-27 19:27:34.993012

HTTP,426,www.gigaom.com,/contact/submit.html,162.134.159.130,2022-01-27 19:27:34.993029

HTTP,300,www.quicloud.com,/about.html,38.27.248.54,2022-01-27 19:27:34.993044

HTTP,303,www.infiniteskills.com,/support.html,143.167.214.228,2022-01-27 19:27:34.993058

HTTP,404,www.cloudera.com,/contact.html,137.79.167.229,2022-01-27 19:27:34.993073

HTTP,505,console.amazon.com,/products.html,41.17.163.31,2022-01-27 19:27:34.993088

HTTP,404,www.cloudera.com,/index.html,204.171.57.209,2022-01-27 19:27:34.993102

HTTP,414,console.amazon.com,/services.html,48.79.90.237,2022-01-27 19:27:34.993117

HTTP,300,hadoop.apache.org,/services.html,101.130.33.246,2022-01-27 19:27:34.993132

HTTP,401,www.gigaom.com,/index.html,166.35.50.74,2022-01-27 19:27:34.993150

HTTP,410,www.cloudera.com,/contact/submit.html,42.89.208.176,2022-01-27 19:27:34.993165

HTTP,410,www.quicloud.com,/services.html,162.248.19.237,2022-01-27 19:27:34.993179

HTTP,205,www.cloudera.com,/support.html,35.119.205.245,2022-01-27 19:27:34.993194

HTTP,416,www.gigaom.com,/support.html,5.48.141.56,2022-01-27 19:27:34.993211

HTTP,415,www.quicloud.com,/products.html,17.14.64.48,2022-01-27 19:27:34.993226

HTTP,301,console.amazon.com,/support.html,208.45.37.9,2022-01-27 19:27:34.993240

HTTP,412,www.globalknowledge.com,/support.html,100.131.159.13,2022-01-27 19:27:34.993255

HTTP,507,hadoop.apache.org,/contact.html,147.91.112.92,2022-01-27 19:27:34.993270

HTTP,410,www.gigaom.com,/support.html,112.167.220.204,2022-01-27 19:27:34.993286

HTTP,226,www.globalknowledge.com,/about.html,21.203.89.124,2022-01-27 19:27:34.993302

HTTP,504,www.infiniteskills.com,/products.html,241.104.82.48,2022-01-27 19:27:34.993316

HTTP,307,www.gigaom.com,/contact/submit.html,234.118.190.41,2022-01-27 19:27:34.993332

HTTP,203,www.infiniteskills.com,/products.html,171.197.119.55,2022-01-27 19:27:34.993345

HTTP,405,console.amazon.com,/contact.html,206.144.12.193,2022-01-27 19:27:34.993356

HTTP,423,console.amazon.com,/products.html,103.143.46.218,2022-01-27 19:27:34.993365

HTTP,301,console.amazon.com,/products.html,62.15.105.161,2022-01-27 19:27:34.993375

HTTP,206,flume.apache.org,/contact.html,63.238.248.205,2022-01-27 19:27:34.993386

HTTP,403,www.infiniteskills.com,/services.html,102.92.68.96,2022-01-27 19:27:34.993396

HTTP,423,console.amazon.com,/contact/submit.html,13.26.164.78,2022-01-27 19:27:34.993406

HTTP,301,www.cloudera.com,/services.html,118.69.30.244,2022-01-27 19:27:34.993459

HTTP,501,hadoop.apache.org,/about.html,16.48.174.233,2022-01-27 19:27:34.993497

HTTP,401,www.gigaom.com,/contact.html,219.96.170.96,2022-01-27 19:27:35.043826

HTTP,403,www.quicloud.com,/services.html,186.168.247.112,2022-01-27 19:27:35.043899

HTTP,206,console.amazon.com,/products.html,172.21.129.83,2022-01-27 19:27:35.043912

HTTP,200,www.gigaom.com,/products.html,240.49.64.219,2022-01-27 19:27:35.043924

HTTP,507,hadoop.apache.org,/about.html,88.80.45.77,2022-01-27 19:27:35.043940

HTTP,510,flume.apache.org,/contact.html,30.170.139.76,2022-01-27 19:27:35.043951

HTTP,201,www.infiniteskills.com,/support.html,15.46.156.36,2022-01-27 19:27:35.043963

HTTP,507,www.gigaom.com,/contact.html,37.174.26.27,2022-01-27 19:27:35.043973

HTTP,201,hadoop.apache.org,/services.html,64.25.13.134,2022-01-27 19:27:35.043984

HTTP,206,www.infiniteskills.com,/products.html,220.252.132.109,2022-01-27 19:27:35.043998

HTTP,412,flume.apache.org,/contact.html,237.72.190.139,2022-01-27 19:27:35.044012

HTTP,407,www.globalknowledge.com,/products.html,66.85.212.251,2022-01-27 19:27:35.044023

HTTP,406,www.cloudera.com,/support.html,35.74.165.230,2022-01-27 19:27:35.044034

HTTP,417,flume.apache.org,/about.html,185.77.130.191,2022-01-27 19:27:35.044047

HTTP,206,hadoop.apache.org,/about.html,46.222.196.222,2022-01-27 19:27:35.044058

HTTP,407,www.globalknowledge.com,/index.html,222.162.99.98,2022-01-27 19:27:35.044072

HTTP,510,www.globalknowledge.com,/support.html,56.159.171.238,2022-01-27 19:27:35.044083

HTTP,303,hadoop.apache.org,/contact/submit.html,67.178.144.181,2022-01-27 19:27:35.044094

HTTP,414,console.amazon.com,/contact/submit.html,17.19.160.175,2022-01-27 19:27:35.044105

HTTP,307,www.cloudera.com,/contact.html,201.216.140.46,2022-01-27 19:27:35.044119

HTTP,304,console.amazon.com,/contact.html,96.132.108.124,2022-01-27 19:27:35.044131

HTTP,304,console.amazon.com,/index.html,76.197.179.246,2022-01-27 19:27:35.044141

HTTP,410,www.quicloud.com,/index.html,206.170.187.79,2022-01-27 19:27:35.044251

HTTP,408,flume.apache.org,/support.html,223.115.3.34,2022-01-27 19:27:35.044266

HTTP,407,www.quicloud.com,/index.html,65.2.192.96,2022-01-27 19:27:35.044277

HTTP,422,flume.apache.org,/contact.html,198.241.8.132,2022-01-27 19:27:35.044292

HTTP,304,www.quicloud.com,/index.html,162.86.72.179,2022-01-27 19:27:35.044303

HTTP,204,www.quicloud.com,/products.html,83.16.2.48,2022-01-27 19:27:35.044315

HTTP,503,www.cloudera.com,/contact/submit.html,201.107.173.107,2022-01-27 19:27:35.044330

HTTP,406,www.globalknowledge.com,/services.html,64.121.153.223,2022-01-27 19:27:35.044341

HTTP,207,www.infiniteskills.com,/contact/submit.html,118.145.241.253,2022-01-27 19:27:35.044352

HTTP,410,hadoop.apache.org,/services.html,220.122.227.135,2022-01-27 19:27:35.044384

HTTP,406,www.gigaom.com,/contact.html,83.202.58.122,2022-01-27 19:27:35.044423

HTTP,406,www.gigaom.com,/index.html,238.154.174.212,2022-01-27 19:27:35.044434

HTTP,411,www.infiniteskills.com,/contact.html,227.159.107.209,2022-01-27 19:27:35.044446

HTTP,501,www.gigaom.com,/about.html,97.131.183.88,2022-01-27 19:27:35.044458

HTTP,206,www.gigaom.com,/services.html,6.209.29.135,2022-01-27 19:27:35.044469

HTTP,500,www.gigaom.com,/contact.html,251.39.248.33,2022-01-27 19:27:35.044479

HTTP,501,www.quicloud.com,/contact/submit.html,122.73.21.71,2022-01-27 19:27:35.044491

HTTP,507,console.amazon.com,/index.html,190.221.52.124,2022-01-27 19:27:35.044502

HTTP,502,www.globalknowledge.com,/support.html,96.241.245.174,2022-01-27 19:27:35.044513

HTTP,414,www.globalknowledge.com,/contact/submit.html,138.235.156.169,2022-01-27 19:27:35.044524

HTTP,423,www.cloudera.com,/index.html,181.171.152.143,2022-01-27 19:27:35.044535

HTTP,412,www.gigaom.com,/about.html,175.245.154.85,2022-01-27 19:27:35.044546

HTTP,201,www.infiniteskills.com,/index.html,211.148.29.223,2022-01-27 19:27:35.044557

HTTP,303,flume.apache.org,/services.html,5.193.197.136,2022-01-27 19:27:35.044568

HTTP,206,www.gigaom.com,/about.html,84.157.183.86,2022-01-27 19:27:35.044580

HTTP,507,www.cloudera.com,/about.html,169.52.207.236,2022-01-27 19:27:35.044591

HTTP,410,www.cloudera.com,/support.html,10.158.95.57,2022-01-27 19:27:35.044601

HTTP,504,www.cloudera.com,/services.html,37.24.114.202,2022-01-27 19:27:35.044610

HTTP,304,www.gigaom.com,/index.html,5.33.182.22,2022-01-27 19:27:35.094788

HTTP,207,www.infiniteskills.com,/support.html,204.80.46.253,2022-01-27 19:27:35.094826

HTTP,301,hadoop.apache.org,/contact.html,85.166.7.197,2022-01-27 19:27:35.094838

HTTP,510,www.infiniteskills.com,/about.html,200.59.20.190,2022-01-27 19:27:35.094847

HTTP,404,www.cloudera.com,/index.html,84.110.206.254,2022-01-27 19:27:35.094856

HTTP,307,www.cloudera.com,/contact.html,231.206.207.222,2022-01-27 19:27:35.094869

HTTP,426,www.globalknowledge.com,/about.html,75.31.224.11,2022-01-27 19:27:35.094878

HTTP,505,console.amazon.com,/index.html,179.85.223.77,2022-01-27 19:27:35.094888

HTTP,302,www.gigaom.com,/services.html,43.45.11.69,2022-01-27 19:27:35.094897

HTTP,302,hadoop.apache.org,/contact.html,136.129.205.6,2022-01-27 19:27:35.094908

HTTP,503,www.infiniteskills.com,/products.html,52.234.184.105,2022-01-27 19:27:35.094917

HTTP,502,hadoop.apache.org,/index.html,29.14.98.37,2022-01-27 19:27:35.094926

HTTP,200,www.globalknowledge.com,/support.html,229.211.248.214,2022-01-27 19:27:35.094935

HTTP,404,www.infiniteskills.com,/index.html,6.81.210.112,2022-01-27 19:27:35.094944

HTTP,304,www.cloudera.com,/support.html,192.102.24.196,2022-01-27 19:27:35.094952

HTTP,507,hadoop.apache.org,/index.html,147.241.43.128,2022-01-27 19:27:35.094963

HTTP,422,www.quicloud.com,/contact/submit.html,53.1.141.212,2022-01-27 19:27:35.094972

HTTP,510,www.gigaom.com,/about.html,154.192.65.217,2022-01-27 19:27:35.094984

HTTP,406,www.quicloud.com,/services.html,113.161.176.120,2022-01-27 19:27:35.094993

HTTP,301,hadoop.apache.org,/support.html,140.195.127.116,2022-01-27 19:27:35.095003

HTTP,409,www.quicloud.com,/services.html,166.200.101.0,2022-01-27 19:27:35.095011

HTTP,424,www.quicloud.com,/contact/submit.html,190.53.163.94,2022-01-27 19:27:35.095020

HTTP,101,www.gigaom.com,/about.html,151.46.86.216,2022-01-27 19:27:35.095029

HTTP,203,flume.apache.org,/contact/submit.html,183.204.50.240,2022-01-27 19:27:35.095038

HTTP,413,flume.apache.org,/services.html,160.101.78.90,2022-01-27 19:27:35.095047

HTTP,205,www.quicloud.com,/support.html,238.42.28.108,2022-01-27 19:27:35.095056

HTTP,100,flume.apache.org,/support.html,138.44.85.161,2022-01-27 19:27:35.095064

HTTP,416,www.cloudera.com,/services.html,223.248.9.142,2022-01-27 19:27:35.095073

HTTP,416,hadoop.apache.org,/about.html,161.47.7.227,2022-01-27 19:27:35.095087

HTTP,405,www.quicloud.com,/index.html,58.114.192.216,2022-01-27 19:27:35.095097

HTTP,102,www.globalknowledge.com,/index.html,164.193.83.208,2022-01-27 19:27:35.095107

HTTP,406,www.quicloud.com,/index.html,141.216.239.34,2022-01-27 19:27:35.095117

HTTP,500,www.quicloud.com,/index.html,75.27.1.171,2022-01-27 19:27:35.095126

HTTP,424,www.globalknowledge.com,/contact.html,40.47.233.87,2022-01-27 19:27:35.095136

HTTP,423,flume.apache.org,/contact.html,6.115.188.62,2022-01-27 19:27:35.095146

HTTP,226,hadoop.apache.org,/about.html,214.33.140.221,2022-01-27 19:27:35.095155

HTTP,407,www.globalknowledge.com,/index.html,17.137.224.184,2022-01-27 19:27:35.095168

HTTP,510,www.gigaom.com,/contact.html,20.237.173.207,2022-01-27 19:27:35.095177

HTTP,201,www.infiniteskills.com,/contact.html,119.197.89.37,2022-01-27 19:27:35.095187

HTTP,504,flume.apache.org,/contact/submit.html,94.153.112.245,2022-01-27 19:27:35.095197

HTTP,502,www.cloudera.com,/contact/submit.html,220.203.230.67,2022-01-27 19:27:35.095206

HTTP,202,www.gigaom.com,/contact.html,7.144.100.248,2022-01-27 19:27:35.095215

HTTP,302,www.globalknowledge.com,/index.html,225.187.42.208,2022-01-27 19:27:35.095227

HTTP,201,www.cloudera.com,/contact.html,2.33.167.242,2022-01-27 19:27:35.095238

HTTP,505,flume.apache.org,/services.html,62.173.71.7,2022-01-27 19:27:35.095247

HTTP,205,www.infiniteskills.com,/services.html,115.163.194.40,2022-01-27 19:27:35.095257

HTTP,226,www.globalknowledge.com,/services.html,247.111.179.0,2022-01-27 19:27:35.095267

HTTP,408,hadoop.apache.org,/services.html,96.87.103.132,2022-01-27 19:27:35.095277

HTTP,412,hadoop.apache.org,/contact.html,247.155.15.163,2022-01-27 19:27:35.095290

HTTP,206,www.cloudera.com,/products.html,18.238.108.53,2022-01-27 19:27:35.095300

HTTP,404,www.quicloud.com,/contact/submit.html,160.81.36.102,2022-01-27 19:27:35.145486

HTTP,200,hadoop.apache.org,/products.html,75.84.7.167,2022-01-27 19:27:35.145543

HTTP,203,www.gigaom.com,/services.html,40.204.178.137,2022-01-27 19:27:35.145577

HTTP,302,hadoop.apache.org,/contact.html,127.10.44.182,2022-01-27 19:27:35.145595

HTTP,426,www.quicloud.com,/contact.html,102.183.125.175,2022-01-27 19:27:35.145610

HTTP,415,www.quicloud.com,/products.html,206.241.215.148,2022-01-27 19:27:35.145624

HTTP,402,www.infiniteskills.com,/support.html,198.143.140.134,2022-01-27 19:27:35.145639

HTTP,405,www.cloudera.com,/contact/submit.html,238.243.196.170,2022-01-27 19:27:35.145656

HTTP,501,www.globalknowledge.com,/support.html,243.42.24.200,2022-01-27 19:27:35.145671

HTTP,422,flume.apache.org,/contact/submit.html,235.174.237.89,2022-01-27 19:27:35.145687

HTTP,307,flume.apache.org,/index.html,121.141.178.8,2022-01-27 19:27:35.145702

HTTP,413,www.gigaom.com,/contact/submit.html,41.249.180.2,2022-01-27 19:27:35.145726

HTTP,416,www.quicloud.com,/about.html,190.151.252.46,2022-01-27 19:27:35.145741

HTTP,414,www.gigaom.com,/index.html,80.214.77.116,2022-01-27 19:27:35.145756

HTTP,305,console.amazon.com,/products.html,250.115.253.222,2022-01-27 19:27:35.145771

HTTP,501,www.gigaom.com,/contact/submit.html,49.27.228.10,2022-01-27 19:27:35.145786

HTTP,404,www.gigaom.com,/contact/submit.html,161.132.151.16,2022-01-27 19:27:35.145802

HTTP,405,www.globalknowledge.com,/contact/submit.html,57.230.244.185,2022-01-27 19:27:35.145822

HTTP,400,www.quicloud.com,/products.html,18.183.125.124,2022-01-27 19:27:35.145838

HTTP,406,hadoop.apache.org,/about.html,70.83.25.203,2022-01-27 19:27:35.145930

HTTP,423,www.infiniteskills.com,/contact.html,202.221.19.79,2022-01-27 19:27:35.145946

HTTP,204,console.amazon.com,/products.html,237.66.117.66,2022-01-27 19:27:35.145962

HTTP,501,www.globalknowledge.com,/contact.html,137.169.163.0,2022-01-27 19:27:35.145977

HTTP,411,www.cloudera.com,/contact.html,206.90.159.179,2022-01-27 19:27:35.145993

HTTP,206,console.amazon.com,/about.html,244.49.142.102,2022-01-27 19:27:35.146009

HTTP,407,hadoop.apache.org,/services.html,39.191.163.200,2022-01-27 19:27:35.146024

HTTP,406,hadoop.apache.org,/contact/submit.html,155.249.202.34,2022-01-27 19:27:35.146042

HTTP,411,www.gigaom.com,/contact.html,116.0.140.247,2022-01-27 19:27:35.146058

HTTP,203,www.quicloud.com,/products.html,212.41.4.7,2022-01-27 19:27:35.146075

HTTP,502,www.gigaom.com,/contact.html,163.178.226.144,2022-01-27 19:27:35.146093

HTTP,407,www.cloudera.com,/about.html,110.10.156.110,2022-01-27 19:27:35.146131

HTTP,424,www.quicloud.com,/contact/submit.html,223.115.93.21,2022-01-27 19:27:35.146147

HTTP,404,www.gigaom.com,/support.html,179.134.183.101,2022-01-27 19:27:35.146177

HTTP,500,www.infiniteskills.com,/support.html,40.248.151.30,2022-01-27 19:27:35.146196

HTTP,416,www.globalknowledge.com,/services.html,119.165.73.177,2022-01-27 19:27:35.146211

HTTP,408,www.globalknowledge.com,/contact.html,124.250.170.162,2022-01-27 19:27:35.146224

HTTP,505,www.quicloud.com,/about.html,232.169.177.231,2022-01-27 19:27:35.146255

HTTP,226,hadoop.apache.org,/contact.html,104.17.253.99,2022-01-27 19:27:35.146271

HTTP,307,www.cloudera.com,/about.html,130.96.141.22,2022-01-27 19:27:35.146295

HTTP,411,console.amazon.com,/products.html,234.1.139.87,2022-01-27 19:27:35.146309

HTTP,207,console.amazon.com,/contact/submit.html,179.138.70.196,2022-01-27 19:27:35.146323

HTTP,417,www.gigaom.com,/about.html,75.49.4.71,2022-01-27 19:27:35.146337

HTTP,501,console.amazon.com,/products.html,74.19.234.138,2022-01-27 19:27:35.146368

HTTP,424,flume.apache.org,/support.html,18.15.250.60,2022-01-27 19:27:35.146383

HTTP,422,console.amazon.com,/services.html,231.106.176.230,2022-01-27 19:27:35.146397

HTTP,424,www.infiniteskills.com,/products.html,173.60.47.86,2022-01-27 19:27:35.146411

HTTP,505,hadoop.apache.org,/support.html,172.94.227.223,2022-01-27 19:27:35.146425

HTTP,426,www.globalknowledge.com,/products.html,226.222.146.177,2022-01-27 19:27:35.146455

HTTP,405,www.cloudera.com,/services.html,197.103.48.109,2022-01-27 19:27:35.146469

HTTP,423,www.quicloud.com,/products.html,97.55.252.162,2022-01-27 19:27:35.146484

HTTP,404,hadoop.apache.org,/contact.html,127.108.187.242,2022-01-27 19:27:35.196624

HTTP,501,flume.apache.org,/about.html,84.124.118.11,2022-01-27 19:27:35.196673

HTTP,409,flume.apache.org,/index.html,123.133.107.107,2022-01-27 19:27:35.196686

HTTP,201,console.amazon.com,/contact/submit.html,155.60.163.67,2022-01-27 19:27:35.196700

HTTP,100,www.infiniteskills.com,/products.html,143.175.79.242,2022-01-27 19:27:35.196713

HTTP,502,www.cloudera.com,/products.html,150.7.131.245,2022-01-27 19:27:35.196725

HTTP,415,www.quicloud.com,/about.html,24.36.74.252,2022-01-27 19:27:35.196741

HTTP,415,hadoop.apache.org,/support.html,252.118.92.148,2022-01-27 19:27:35.196754

HTTP,501,www.gigaom.com,/services.html,4.86.65.186,2022-01-27 19:27:35.196767

HTTP,304,www.globalknowledge.com,/index.html,82.71.81.44,2022-01-27 19:27:35.196794

HTTP,422,flume.apache.org,/products.html,115.78.40.105,2022-01-27 19:27:35.196808

HTTP,302,www.cloudera.com,/index.html,110.225.189.250,2022-01-27 19:27:35.196821

HTTP,401,www.gigaom.com,/products.html,103.157.200.57,2022-01-27 19:27:35.196833

HTTP,100,www.gigaom.com,/contact.html,155.33.104.63,2022-01-27 19:27:35.196845

HTTP,507,www.quicloud.com,/products.html,223.225.234.59,2022-01-27 19:27:35.196858

HTTP,301,www.quicloud.com,/about.html,196.78.205.164,2022-01-27 19:27:35.196870

HTTP,408,www.quicloud.com,/contact/submit.html,32.61.214.100,2022-01-27 19:27:35.196885

HTTP,407,flume.apache.org,/contact/submit.html,55.134.165.42,2022-01-27 19:27:35.196898

HTTP,410,flume.apache.org,/contact/submit.html,29.77.181.146,2022-01-27 19:27:35.196910

HTTP,300,www.quicloud.com,/contact.html,183.112.217.250,2022-01-27 19:27:35.196923

HTTP,305,console.amazon.com,/support.html,112.36.194.169,2022-01-27 19:27:35.196935

HTTP,300,flume.apache.org,/products.html,254.209.95.14,2022-01-27 19:27:35.196947

HTTP,422,www.globalknowledge.com,/index.html,239.191.113.240,2022-01-27 19:27:35.196962

HTTP,411,hadoop.apache.org,/index.html,140.67.28.204,2022-01-27 19:27:35.196974

HTTP,100,hadoop.apache.org,/support.html,109.143.230.127,2022-01-27 19:27:35.196986

HTTP,503,console.amazon.com,/index.html,189.76.217.113,2022-01-27 19:27:35.196998

HTTP,404,console.amazon.com,/products.html,111.54.102.127,2022-01-27 19:27:35.197012

HTTP,407,www.globalknowledge.com,/index.html,56.137.112.43,2022-01-27 19:27:35.197025

HTTP,505,www.infiniteskills.com,/contact.html,95.189.99.117,2022-01-27 19:27:35.197038

HTTP,500,hadoop.apache.org,/about.html,169.201.191.11,2022-01-27 19:27:35.197050

HTTP,403,hadoop.apache.org,/contact.html,215.231.122.211,2022-01-27 19:27:35.197065

HTTP,417,console.amazon.com,/about.html,117.127.72.13,2022-01-27 19:27:35.197077

HTTP,402,hadoop.apache.org,/support.html,185.166.149.231,2022-01-27 19:27:35.197089

HTTP,302,www.cloudera.com,/support.html,153.149.78.241,2022-01-27 19:27:35.197101

HTTP,100,www.infiniteskills.com,/about.html,24.188.148.136,2022-01-27 19:27:35.197116

HTTP,502,flume.apache.org,/contact.html,223.182.204.122,2022-01-27 19:27:35.197128

HTTP,400,console.amazon.com,/index.html,195.180.174.172,2022-01-27 19:27:35.197140

HTTP,102,www.quicloud.com,/services.html,147.36.114.207,2022-01-27 19:27:35.197155

HTTP,401,www.cloudera.com,/about.html,104.71.134.110,2022-01-27 19:27:35.197167

HTTP,400,www.infiniteskills.com,/services.html,18.173.52.196,2022-01-27 19:27:35.197183

HTTP,426,flume.apache.org,/about.html,244.1.185.38,2022-01-27 19:27:35.197195

HTTP,201,www.globalknowledge.com,/contact.html,102.179.63.213,2022-01-27 19:27:35.197210

HTTP,202,hadoop.apache.org,/index.html,122.232.119.22,2022-01-27 19:27:35.197222

HTTP,201,flume.apache.org,/products.html,51.193.179.128,2022-01-27 19:27:35.197234

HTTP,203,www.gigaom.com,/index.html,185.117.169.71,2022-01-27 19:27:35.197249

HTTP,422,flume.apache.org,/contact/submit.html,0.71.146.22,2022-01-27 19:27:35.197261

HTTP,504,console.amazon.com,/products.html,82.42.51.109,2022-01-27 19:27:35.197275

HTTP,502,www.gigaom.com,/support.html,168.231.75.50,2022-01-27 19:27:35.197288

HTTP,407,www.cloudera.com,/index.html,133.230.214.33,2022-01-27 19:27:35.197300

HTTP,417,flume.apache.org,/products.html,135.43.183.250,2022-01-27 19:27:35.197315

HTTP,100,www.gigaom.com,/contact.html,20.203.227.140,2022-01-27 19:27:35.247515

HTTP,412,hadoop.apache.org,/index.html,144.38.183.6,2022-01-27 19:27:35.247573

HTTP,423,hadoop.apache.org,/index.html,175.246.32.17,2022-01-27 19:27:35.247593

HTTP,401,console.amazon.com,/services.html,177.131.75.118,2022-01-27 19:27:35.247609

HTTP,402,www.infiniteskills.com,/products.html,46.131.16.6,2022-01-27 19:27:35.247627

HTTP,504,www.globalknowledge.com,/products.html,40.108.195.89,2022-01-27 19:27:35.247644

HTTP,100,www.infiniteskills.com,/services.html,210.176.94.219,2022-01-27 19:27:35.247708

HTTP,202,flume.apache.org,/contact.html,142.7.203.181,2022-01-27 19:27:35.247728

HTTP,409,flume.apache.org,/index.html,212.228.176.141,2022-01-27 19:27:35.247746

HTTP,404,console.amazon.com,/contact.html,107.143.77.132,2022-01-27 19:27:35.247762

HTTP,404,console.amazon.com,/services.html,38.217.99.26,2022-01-27 19:27:35.247781

HTTP,400,flume.apache.org,/contact.html,108.91.80.121,2022-01-27 19:27:35.247797

HTTP,414,console.amazon.com,/about.html,191.153.79.252,2022-01-27 19:27:35.247813

HTTP,413,www.infiniteskills.com,/index.html,117.20.146.229,2022-01-27 19:27:35.247829

HTTP,305,www.infiniteskills.com,/index.html,37.183.14.133,2022-01-27 19:27:35.247844

HTTP,502,www.cloudera.com,/index.html,243.98.119.201,2022-01-27 19:27:35.247860

HTTP,101,www.infiniteskills.com,/support.html,48.141.41.6,2022-01-27 19:27:35.247961

HTTP,504,www.quicloud.com,/about.html,209.68.223.229,2022-01-27 19:27:35.248012

HTTP,413,www.globalknowledge.com,/support.html,248.30.245.93,2022-01-27 19:27:35.248030

HTTP,403,www.infiniteskills.com,/contact/submit.html,104.93.249.116,2022-01-27 19:27:35.248048

HTTP,424,www.gigaom.com,/contact.html,28.166.214.99,2022-01-27 19:27:35.248067

HTTP,207,www.infiniteskills.com,/products.html,41.188.34.183,2022-01-27 19:27:35.248085

HTTP,204,console.amazon.com,/support.html,221.101.51.84,2022-01-27 19:27:35.248103

HTTP,102,hadoop.apache.org,/contact/submit.html,108.77.136.172,2022-01-27 19:27:35.248122

HTTP,410,www.infiniteskills.com,/index.html,38.166.92.69,2022-01-27 19:27:35.248140

HTTP,100,www.cloudera.com,/contact/submit.html,211.233.234.15,2022-01-27 19:27:35.248158

HTTP,426,hadoop.apache.org,/contact/submit.html,149.80.118.232,2022-01-27 19:27:35.248176

HTTP,413,flume.apache.org,/services.html,199.195.143.219,2022-01-27 19:27:35.248244

HTTP,501,www.quicloud.com,/contact.html,32.82.135.209,2022-01-27 19:27:35.248263

HTTP,407,www.globalknowledge.com,/about.html,92.185.114.12,2022-01-27 19:27:35.248282

HTTP,500,www.cloudera.com,/index.html,249.169.40.239,2022-01-27 19:27:35.248301

HTTP,504,www.quicloud.com,/support.html,248.110.138.179,2022-01-27 19:27:35.248320

HTTP,416,www.infiniteskills.com,/contact.html,42.35.222.36,2022-01-27 19:27:35.248338

HTTP,200,flume.apache.org,/about.html,245.20.82.11,2022-01-27 19:27:35.248355

HTTP,402,www.cloudera.com,/contact/submit.html,105.162.208.162,2022-01-27 19:27:35.248374

HTTP,403,hadoop.apache.org,/products.html,251.184.121.65,2022-01-27 19:27:35.248391

HTTP,207,hadoop.apache.org,/services.html,33.29.189.233,2022-01-27 19:27:35.248409

HTTP,302,www.quicloud.com,/support.html,0.238.228.47,2022-01-27 19:27:35.248427

HTTP,423,console.amazon.com,/contact/submit.html,27.59.24.89,2022-01-27 19:27:35.248444

HTTP,505,www.globalknowledge.com,/index.html,254.58.34.89,2022-01-27 19:27:35.248462

HTTP,416,console.amazon.com,/index.html,23.190.89.161,2022-01-27 19:27:35.248480

HTTP,501,www.infiniteskills.com,/contact.html,202.198.21.231,2022-01-27 19:27:35.248497

HTTP,204,www.infiniteskills.com,/support.html,203.136.14.71,2022-01-27 19:27:35.248514

HTTP,502,www.cloudera.com,/services.html,247.154.38.58,2022-01-27 19:27:35.248531

HTTP,203,www.infiniteskills.com,/products.html,100.154.57.134,2022-01-27 19:27:35.248548

HTTP,401,www.infiniteskills.com,/services.html,90.167.132.0,2022-01-27 19:27:35.248567

HTTP,201,www.quicloud.com,/about.html,65.130.169.189,2022-01-27 19:27:35.248612

HTTP,424,console.amazon.com,/index.html,193.230.146.101,2022-01-27 19:27:35.248643

HTTP,405,www.cloudera.com,/about.html,46.166.190.204,2022-01-27 19:27:35.248660

HTTP,415,www.cloudera.com,/index.html,220.226.209.5,2022-01-27 19:27:35.248678

HTTP,412,www.quicloud.com,/services.html,2.154.129.215,2022-01-27 19:27:35.298860

